seq,time_ps,sg_cyc,conf,nsamp,gain,addr,phase,freq
0,4276024.656,2462,09,60,0020,0000,00000000,02abc2bc
1,4376185.296,2522,09,60,0041,0000,00000000,02abc2bc
2,4476345.936,2582,09,60,0062,0000,00000000,02abc2bc
3,4576506.576,2642,09,60,0083,0000,00000000,02abc2bc
4,4676667.216,2702,09,60,00a3,0000,00000000,02abc2bc
5,4776827.856,2762,09,60,00c4,0000,00000000,02abc2bc
6,4876988.496,2822,09,60,00e5,0000,00000000,02abc2bc
7,4977149.136,2882,09,60,0106,0000,00000000,02abc2bc
8,5077309.776,2942,09,60,0126,0000,00000000,02abc2bc
9,5177470.416,3002,09,60,0147,0000,00000000,02abc2bc
10,5277631.056,3062,09,60,0168,0000,00000000,02abc2bc
11,5377791.696,3122,09,60,01a9,0000,00000000,02abc2bc
12,5477952.336,3182,09,60,01ca,0000,00000000,02abc2bc
13,5578112.976,3242,09,60,01eb,0000,00000000,02abc2bc
14,5678273.616,3302,09,60,020c,0000,00000000,02abc2bc
15,5778434.256,3362,09,60,022d,0000,00000000,02abc2bc
16,5878594.896,3422,09,60,024d,0000,00000000,02abc2bc
17,5978755.536,3482,09,60,026e,0000,00000000,02abc2bc
18,6078916.176,3542,09,60,026e,0000,00000000,02abc2bc
19,6179076.816,3602,09,60,028f,0000,00000000,02abc2bc
20,6279237.456,3662,09,60,02b0,0000,00000000,02abc2bc
21,6379398.096,3722,09,60,02d0,0000,00000000,02abc2bc
22,6479558.736,3782,09,60,02f1,0000,00000000,02abc2bc
23,6579719.376,3842,09,60,0312,0000,00000000,02abc2bc
24,6679880.016,3902,09,60,0333,0000,00000000,02abc2bc
25,6780040.656,3962,09,60,0353,0000,00000000,02abc2bc
26,6880201.296,4022,09,60,0374,0000,00000000,02abc2bc
27,6980361.936,4082,09,60,0395,0000,00000000,02abc2bc
28,7080522.576,4142,09,60,03b6,0000,00000000,02abc2bc
29,7180683.216,4202,09,60,03d6,0000,00000000,02abc2bc
30,7280843.856,4262,09,60,03f7,0000,00000000,02abc2bc
31,7381004.496,4322,09,60,0418,0000,00000000,02abc2bc
32,7481165.136,4382,09,60,0439,0000,00000000,02abc2bc
33,7581325.776,4442,09,60,045a,0000,00000000,02abc2bc
34,7681486.416,4502,09,60,047a,0000,00000000,02abc2bc
35,7781647.056,4562,09,60,049b,0000,00000000,02abc2bc
36,7881807.696,4622,09,60,04bc,0000,00000000,02abc2bc
37,7981968.336,4682,09,60,04dd,0000,00000000,02abc2bc
38,8082128.976,4742,09,60,04dd,0000,00000000,02abc2bc
39,8182289.616,4802,09,60,04dd,0000,00000000,02abc2bc
40,8282450.256,4862,09,60,04dd,0000,00000000,02abc2bc
41,8382610.896,4922,09,60,04dd,0000,00000000,02abc2bc
42,8482771.536,4982,09,60,04dd,0000,00000000,02abc2bc
43,8582932.176,5042,09,60,04dd,0000,00000000,02abc2bc
44,8683092.816,5102,09,60,04dd,0000,00000000,02abc2bc
45,8783253.456,5162,09,60,04dd,0000,00000000,02abc2bc
46,8883414.096,5222,09,60,04dd,0000,00000000,02abc2bc
47,8983574.736,5282,09,60,04dd,0000,00000000,02abc2bc
48,9083735.376,5342,09,60,04dd,0000,00000000,02abc2bc
49,9183896.016,5402,09,60,04dd,0000,00000000,02abc2bc
50,9284056.656,5462,09,60,04dd,0000,00000000,02abc2bc
51,9384217.296,5522,09,60,04dd,0000,00000000,02abc2bc
52,9484377.936,5582,09,60,04dd,0000,00000000,02abc2bc
53,9584538.576,5642,09,60,04dd,0000,00000000,02abc2bc
54,9684699.216,5702,09,60,04dd,0000,00000000,02abc2bc
55,9784859.856,5762,09,60,04dd,0000,00000000,02abc2bc
56,9885020.496,5822,09,60,04dd,0000,00000000,02abc2bc
57,9985181.136,5882,09,60,04dd,0000,00000000,02abc2bc
58,10085341.776,5942,09,60,04dd,0000,00000000,02abc2bc
59,10185502.416,6002,09,60,04dd,0000,00000000,02abc2bc
60,10285663.056,6062,09,60,04dd,0000,00000000,02abc2bc
61,10385823.696,6122,09,60,04dd,0000,00000000,02abc2bc
62,10485984.336,6182,09,60,04dd,0000,00000000,02abc2bc
63,10586144.976,6242,09,60,04dd,0000,00000000,02abc2bc
64,10686305.616,6302,09,60,04dd,0000,00000000,02abc2bc
65,10786466.256,6362,09,60,04dd,0000,00000000,02abc2bc
66,10886626.896,6422,09,60,04dd,0000,00000000,02abc2bc
67,10986787.536,6482,09,60,04dd,0000,00000000,02abc2bc
68,11086948.176,6542,09,60,04dd,0000,00000000,02abc2bc
69,11187108.816,6602,09,60,04dd,0000,00000000,02abc2bc
70,11287269.456,6662,09,60,04dd,0000,00000000,02abc2bc
71,11387430.096,6722,09,60,04dd,0000,00000000,02abc2bc
72,11487590.736,6782,09,60,04dd,0000,00000000,02abc2bc
73,11587751.376,6842,09,60,04dd,0000,00000000,02abc2bc
74,11687912.016,6902,09,60,04dd,0000,00000000,02abc2bc
75,11788072.656,6962,09,60,04dd,0000,00000000,02abc2bc
76,11888233.296,7022,09,60,04dd,0000,00000000,02abc2bc
77,11988393.936,7082,09,60,04dd,0000,00000000,02abc2bc
78,12088554.576,7142,09,60,04dd,0000,00000000,02abc2bc
79,12188715.216,7202,09,60,04dd,0000,00000000,02abc2bc
80,12288875.856,7262,09,60,04dd,0000,00000000,02abc2bc
81,12389036.496,7322,09,60,04dd,0000,00000000,02abc2bc
82,12489197.136,7382,09,60,04dd,0000,00000000,02abc2bc
83,12589357.776,7442,09,60,04dd,0000,00000000,02abc2bc
84,12689518.416,7502,09,60,04dd,0000,00000000,02abc2bc
85,12789679.056,7562,09,60,04dd,0000,00000000,02abc2bc
86,12889839.696,7622,09,60,04dd,0000,00000000,02abc2bc
87,12990000.336,7682,09,60,04dd,0000,00000000,02abc2bc
88,13090160.976,7742,09,60,04dd,0000,00000000,02abc2bc
89,13190321.616,7802,09,60,04dd,0000,00000000,02abc2bc
90,13290482.256,7862,09,60,04dd,0000,00000000,02abc2bc
91,13390642.896,7922,09,60,04dd,0000,00000000,02abc2bc
92,13490803.536,7982,09,60,04dd,0000,00000000,02abc2bc
93,13590964.176,8042,09,60,04dd,0000,00000000,02abc2bc
94,13691124.816,8102,09,60,04dd,0000,00000000,02abc2bc
95,13791285.456,8162,09,60,04dd,0000,00000000,02abc2bc
96,13891446.096,8222,09,60,04dd,0000,00000000,02abc2bc
97,13991606.736,8282,09,60,04dd,0000,00000000,02abc2bc
98,14091767.376,8342,09,60,04dd,0000,00000000,02abc2bc
99,14191928.016,8402,09,60,04dd,0000,00000000,02abc2bc
100,14292088.656,8462,09,60,04dd,0000,00000000,02abc2bc
101,14392249.296,8522,09,60,04dd,0000,00000000,02abc2bc
102,14492409.936,8582,09,60,04dd,0000,00000000,02abc2bc
103,14592570.576,8642,09,60,04dd,0000,00000000,02abc2bc
104,14692731.216,8702,09,60,04dd,0000,00000000,02abc2bc
105,14792891.856,8762,09,60,04dd,0000,00000000,02abc2bc
106,14893052.496,8822,09,60,04dd,0000,00000000,02abc2bc
107,14993213.136,8882,09,60,04dd,0000,00000000,02abc2bc
108,15093373.776,8942,09,60,04dd,0000,00000000,02abc2bc
109,15193534.416,9002,09,60,04dd,0000,00000000,02abc2bc
110,15293695.056,9062,09,60,04dd,0000,00000000,02abc2bc
111,15393855.696,9122,09,60,04dd,0000,00000000,02abc2bc
112,15494016.336,9182,09,60,04dd,0000,00000000,02abc2bc
113,15594176.976,9242,09,60,04dd,0000,00000000,02abc2bc
114,15694337.616,9302,09,60,04dd,0000,00000000,02abc2bc
115,15794498.256,9362,09,60,04dd,0000,00000000,02abc2bc
116,15894658.896,9422,09,60,04dd,0000,00000000,02abc2bc
117,15994819.536,9482,09,60,04dd,0000,00000000,02abc2bc
118,16094980.176,9542,09,60,04dd,0000,00000000,02abc2bc
119,16195140.816,9602,09,60,04dd,0000,00000000,02abc2bc
120,16295301.456,9662,09,60,04dd,0000,00000000,02abc2bc
121,16395462.096,9722,09,60,04dd,0000,00000000,02abc2bc
122,16495622.736,9782,09,60,04dd,0000,00000000,02abc2bc
123,16595783.376,9842,09,60,04dd,0000,00000000,02abc2bc
124,16695944.016,9902,09,60,04dd,0000,00000000,02abc2bc
125,16796104.656,9962,09,60,04dd,0000,00000000,02abc2bc
126,16896265.296,10022,09,60,04dd,0000,00000000,02abc2bc
127,16996425.936,10082,09,60,04dd,0000,00000000,02abc2bc
128,17096586.576,10142,09,60,04dd,0000,00000000,02abc2bc
129,17196747.216,10202,09,60,04dd,0000,00000000,02abc2bc
130,17296907.856,10262,09,60,04dd,0000,00000000,02abc2bc
131,17397068.496,10322,09,60,04dd,0000,00000000,02abc2bc
132,17497229.136,10382,09,60,04dd,0000,00000000,02abc2bc
133,17597389.776,10442,09,60,04dd,0000,00000000,02abc2bc
134,17697550.416,10502,09,60,04dd,0000,00000000,02abc2bc
135,17797711.056,10562,09,60,04dd,0000,00000000,02abc2bc
136,17897871.696,10622,09,60,04dd,0000,00000000,02abc2bc
137,17998032.336,10682,09,60,04dd,0000,00000000,02abc2bc
138,18098192.976,10742,09,60,04dd,0000,00000000,02abc2bc
139,18198353.616,10802,09,60,04dd,0000,00000000,02abc2bc
140,18298514.256,10862,09,60,04dd,0000,00000000,02abc2bc
141,18398674.896,10922,09,60,04dd,0000,00000000,02abc2bc
142,18498835.536,10982,09,60,04dd,0000,00000000,02abc2bc
143,18598996.176,11042,09,60,04dd,0000,00000000,02abc2bc
144,18699156.816,11102,09,60,04dd,0000,00000000,02abc2bc
145,18799317.456,11162,09,60,04dd,0000,00000000,02abc2bc
146,18899478.096,11222,09,60,04dd,0000,00000000,02abc2bc
147,18999638.736,11282,09,60,04dd,0000,00000000,02abc2bc
148,19099799.376,11342,09,60,04dd,0000,00000000,02abc2bc
149,19199960.016,11402,09,60,04dd,0000,00000000,02abc2bc
150,19300120.656,11462,09,60,04dd,0000,00000000,02abc2bc
151,19400281.296,11522,09,60,04dd,0000,00000000,02abc2bc
152,19500441.936,11582,09,60,04dd,0000,00000000,02abc2bc
153,19600602.576,11642,09,60,04dd,0000,00000000,02abc2bc
154,19700763.216,11702,09,60,04dd,0000,00000000,02abc2bc
155,19800923.856,11762,09,60,04dd,0000,00000000,02abc2bc
156,19901084.496,11822,09,60,04dd,0000,00000000,02abc2bc
157,20001245.136,11882,09,60,04dd,0000,00000000,02abc2bc
158,20101405.776,11942,09,60,04dd,0000,00000000,02abc2bc
159,20201566.416,12002,09,60,04dd,0000,00000000,02abc2bc
160,20301727.056,12062,09,60,04dd,0000,00000000,02abc2bc
161,20401887.696,12122,09,60,04dd,0000,00000000,02abc2bc
162,20502048.336,12182,09,60,04dd,0000,00000000,02abc2bc
163,20602208.976,12242,09,60,04dd,0000,00000000,02abc2bc
164,20702369.616,12302,09,60,04dd,0000,00000000,02abc2bc
165,20802530.256,12362,09,60,04dd,0000,00000000,02abc2bc
166,20902690.896,12422,09,60,04dd,0000,00000000,02abc2bc
167,21002851.536,12482,09,60,04dd,0000,00000000,02abc2bc
168,21103012.176,12542,09,60,04dd,0000,00000000,02abc2bc
169,21203172.816,12602,09,60,04dd,0000,00000000,02abc2bc
170,21303333.456,12662,09,60,04dd,0000,00000000,02abc2bc
171,21403494.096,12722,09,60,04dd,0000,00000000,02abc2bc
172,21503654.736,12782,09,60,04dd,0000,00000000,02abc2bc
173,21603815.376,12842,09,60,04dd,0000,00000000,02abc2bc
174,21703976.016,12902,09,60,04dd,0000,00000000,02abc2bc
175,21804136.656,12962,09,60,04dd,0000,00000000,02abc2bc
176,21904297.296,13022,09,60,04dd,0000,00000000,02abc2bc
177,22004457.936,13082,09,60,04dd,0000,00000000,02abc2bc
178,22104618.576,13142,09,60,04dd,0000,00000000,02abc2bc
179,22204779.216,13202,09,60,04dd,0000,00000000,02abc2bc
180,22304939.856,13262,09,60,04dd,0000,00000000,02abc2bc
181,22405100.496,13322,09,60,04dd,0000,00000000,02abc2bc
182,22505261.136,13382,09,60,04dd,0000,00000000,02abc2bc
183,22605421.776,13442,09,60,04dd,0000,00000000,02abc2bc
184,22705582.416,13502,09,60,04dd,0000,00000000,02abc2bc
185,22805743.056,13562,09,60,04dd,0000,00000000,02abc2bc
186,22905903.696,13622,09,60,04dd,0000,00000000,02abc2bc
187,23006064.336,13682,09,60,04dd,0000,00000000,02abc2bc
188,23106224.976,13742,09,60,04dd,0000,00000000,02abc2bc
189,23206385.616,13802,09,60,04dd,0000,00000000,02abc2bc
190,23306546.256,13862,09,60,04dd,0000,00000000,02abc2bc
191,23406706.896,13922,09,60,04dd,0000,00000000,02abc2bc
192,23506867.536,13982,09,60,04dd,0000,00000000,02abc2bc
193,23607028.176,14042,09,60,04dd,0000,00000000,02abc2bc
194,23707188.816,14102,09,60,04dd,0000,00000000,02abc2bc
195,23807349.456,14162,09,60,04dd,0000,00000000,02abc2bc
196,23907510.096,14222,09,60,04dd,0000,00000000,02abc2bc
197,24007670.736,14282,09,60,04dd,0000,00000000,02abc2bc
198,24107831.376,14342,09,60,04dd,0000,00000000,02abc2bc
199,24207992.016,14402,09,60,04dd,0000,00000000,02abc2bc
200,24308152.656,14462,09,60,04dd,0000,00000000,02abc2bc
201,24408313.296,14522,09,60,04dd,0000,00000000,02abc2bc
202,24508473.936,14582,09,60,04dd,0000,00000000,02abc2bc
203,24608634.576,14642,09,60,04dd,0000,00000000,02abc2bc
204,24708795.216,14702,09,60,04dd,0000,00000000,02abc2bc
205,24808955.856,14762,09,60,04dd,0000,00000000,02abc2bc
206,24909116.496,14822,09,60,04dd,0000,00000000,02abc2bc
207,25009277.136,14882,09,60,04dd,0000,00000000,02abc2bc
208,25109437.776,14942,09,60,04dd,0000,00000000,02abc2bc
209,25209598.416,15002,09,60,04dd,0000,00000000,02abc2bc
210,25309759.056,15062,09,60,04dd,0000,00000000,02abc2bc
211,25409919.696,15122,09,60,04dd,0000,00000000,02abc2bc
212,25510080.336,15182,09,60,04dd,0000,00000000,02abc2bc
213,25610240.976,15242,09,60,04dd,0000,00000000,02abc2bc
214,25710401.616,15302,09,60,04dd,0000,00000000,02abc2bc
215,25810562.256,15362,09,60,04dd,0000,00000000,02abc2bc
216,25910722.896,15422,09,60,04dd,0000,00000000,02abc2bc
217,26010883.536,15482,09,60,04dd,0000,00000000,02abc2bc
218,26111044.176,15542,09,60,04dd,0000,00000000,02abc2bc
219,26211204.816,15602,09,60,04dd,0000,00000000,02abc2bc
220,26311365.456,15662,09,60,04dd,0000,00000000,02abc2bc
221,26411526.096,15722,09,60,04dd,0000,00000000,02abc2bc
222,26511686.736,15782,09,60,04dd,0000,00000000,02abc2bc
223,26611847.376,15842,09,60,04dd,0000,00000000,02abc2bc
224,26712008.016,15902,09,60,04dd,0000,00000000,02abc2bc
225,26812168.656,15962,09,60,04dd,0000,00000000,02abc2bc
226,26912329.296,16022,09,60,04dd,0000,00000000,02abc2bc
227,27012489.936,16082,09,60,04dd,0000,00000000,02abc2bc
228,27112650.576,16142,09,60,04dd,0000,00000000,02abc2bc
229,27212811.216,16202,09,60,04dd,0000,00000000,02abc2bc
230,27312971.856,16262,09,60,04dd,0000,00000000,02abc2bc
231,27413132.496,16322,09,60,04dd,0000,00000000,02abc2bc
232,27513293.136,16382,09,60,04dd,0000,00000000,02abc2bc
233,27613453.776,16442,09,60,04dd,0000,00000000,02abc2bc
234,27713614.416,16502,09,60,04dd,0000,00000000,02abc2bc
235,27813775.056,16562,09,60,04dd,0000,00000000,02abc2bc
236,27913935.696,16622,09,60,04dd,0000,00000000,02abc2bc
237,28014096.336,16682,09,60,04dd,0000,00000000,02abc2bc
238,28114256.976,16742,09,60,04dd,0000,00000000,02abc2bc
239,28214417.616,16802,09,60,04dd,0000,00000000,02abc2bc
240,28314578.256,16862,09,60,04dd,0000,00000000,02abc2bc
241,28414738.896,16922,09,60,04dd,0000,00000000,02abc2bc
242,28514899.536,16982,09,60,04dd,0000,00000000,02abc2bc
243,28615060.176,17042,09,60,04dd,0000,00000000,02abc2bc
244,28715220.816,17102,09,60,04dd,0000,00000000,02abc2bc
245,28815381.456,17162,09,60,04dd,0000,00000000,02abc2bc
246,28915542.096,17222,09,60,04dd,0000,00000000,02abc2bc
247,29015702.736,17282,09,60,04dd,0000,00000000,02abc2bc
248,29115863.376,17342,09,60,04dd,0000,00000000,02abc2bc
249,29216024.016,17402,09,60,04dd,0000,00000000,02abc2bc
250,29316184.656,17462,09,60,04dd,0000,00000000,02abc2bc
251,29416345.296,17522,09,60,04dd,0000,00000000,02abc2bc
252,29516505.936,17582,09,60,04dd,0000,00000000,02abc2bc
253,29616666.576,17642,09,60,04dd,0000,00000000,02abc2bc
254,29716827.216,17702,09,60,04dd,0000,00000000,02abc2bc
255,29816987.856,17762,09,60,04dd,0000,00000000,02abc2bc
256,29917148.496,17822,09,60,04dd,0000,00000000,02abc2bc
257,30017309.136,17882,09,60,04dd,0000,00000000,02abc2bc
258,30117469.776,17942,09,60,04dd,0000,00000000,02abc2bc
259,30217630.416,18002,09,60,04dd,0000,00000000,02abc2bc
260,30317791.056,18062,09,60,04dd,0000,00000000,02abc2bc
261,30417951.696,18122,09,60,04dd,0000,00000000,02abc2bc
262,30518112.336,18182,09,60,04dd,0000,00000000,02abc2bc
263,30618272.976,18242,09,60,04dd,0000,00000000,02abc2bc
264,30718433.616,18302,09,60,04dd,0000,00000000,02abc2bc
265,30818594.256,18362,09,60,04dd,0000,00000000,02abc2bc
266,30918754.896,18422,09,60,04dd,0000,00000000,02abc2bc
267,31018915.536,18482,09,60,04dd,0000,00000000,02abc2bc
268,31119076.176,18542,09,60,04dd,0000,00000000,02abc2bc
269,31219236.816,18602,09,60,04dd,0000,00000000,02abc2bc
270,31319397.456,18662,09,60,04dd,0000,00000000,02abc2bc
271,31419558.096,18722,09,60,04dd,0000,00000000,02abc2bc
272,31519718.736,18782,09,60,04dd,0000,00000000,02abc2bc
273,31619879.376,18842,09,60,04dd,0000,00000000,02abc2bc
274,31720040.016,18902,09,60,04dd,0000,00000000,02abc2bc
275,31820200.656,18962,09,60,04dd,0000,00000000,02abc2bc
276,31920361.296,19022,09,60,04dd,0000,00000000,02abc2bc
277,32020521.936,19082,09,60,04dd,0000,00000000,02abc2bc
278,32120682.576,19142,09,60,04dd,0000,00000000,02abc2bc
279,32220843.216,19202,09,60,04dd,0000,00000000,02abc2bc
280,32321003.856,19262,09,60,04dd,0000,00000000,02abc2bc
281,32421164.496,19322,09,60,04dd,0000,00000000,02abc2bc
282,32521325.136,19382,09,60,04dd,0000,00000000,02abc2bc
283,32621485.776,19442,09,60,04dd,0000,00000000,02abc2bc
284,32721646.416,19502,09,60,04dd,0000,00000000,02abc2bc
285,32821807.056,19562,09,60,04dd,0000,00000000,02abc2bc
286,32921967.696,19622,09,60,04dd,0000,00000000,02abc2bc
287,33022128.336,19682,09,60,04dd,0000,00000000,02abc2bc
288,33122288.976,19742,09,60,04dd,0000,00000000,02abc2bc
289,33222449.616,19802,09,60,04dd,0000,00000000,02abc2bc
290,33322610.256,19862,09,60,04dd,0000,00000000,02abc2bc
291,33422770.896,19922,09,60,04dd,0000,00000000,02abc2bc
292,33522931.536,19982,09,60,04dd,0000,00000000,02abc2bc
293,33623092.176,20042,09,60,04dd,0000,00000000,02abc2bc
294,33723252.816,20102,09,60,04dd,0000,00000000,02abc2bc
295,33823413.456,20162,09,60,04dd,0000,00000000,02abc2bc
296,33923574.096,20222,09,60,04dd,0000,00000000,02abc2bc
297,34023734.736,20282,09,60,04dd,0000,00000000,02abc2bc
298,34123895.376,20342,09,60,04dd,0000,00000000,02abc2bc
299,34224056.016,20402,09,60,04dd,0000,00000000,02abc2bc
300,34324216.656,20462,09,60,04dd,0000,00000000,02abc2bc
301,34424377.296,20522,09,60,04dd,0000,00000000,02abc2bc
302,34524537.936,20582,09,60,04dd,0000,00000000,02abc2bc
303,34624698.576,20642,09,60,04dd,0000,00000000,02abc2bc
304,34724859.216,20702,09,60,04dd,0000,00000000,02abc2bc
305,34825019.856,20762,09,60,04dd,0000,00000000,02abc2bc
306,34925180.496,20822,09,60,04dd,0000,00000000,02abc2bc
307,35025341.136,20882,09,60,04dd,0000,00000000,02abc2bc
308,35125501.776,20942,09,60,04dd,0000,00000000,02abc2bc
309,35225662.416,21002,09,60,04dd,0000,00000000,02abc2bc
310,35325823.056,21062,09,60,04dd,0000,00000000,02abc2bc
311,35425983.696,21122,09,60,04dd,0000,00000000,02abc2bc
312,35526144.336,21182,09,60,04dd,0000,00000000,02abc2bc
313,35626304.976,21242,09,60,04dd,0000,00000000,02abc2bc
314,35726465.616,21302,09,60,04dd,0000,00000000,02abc2bc
315,35826626.256,21362,09,60,04dd,0000,00000000,02abc2bc
316,35926786.896,21422,09,60,04dd,0000,00000000,02abc2bc
317,36026947.536,21482,09,60,04dd,0000,00000000,02abc2bc
318,36127108.176,21542,09,60,04dd,0000,00000000,02abc2bc
319,36227268.816,21602,09,60,04dd,0000,00000000,02abc2bc
320,36327429.456,21662,09,60,04dd,0000,00000000,02abc2bc
321,36427590.096,21722,09,60,04dd,0000,00000000,02abc2bc
322,36527750.736,21782,09,60,04dd,0000,00000000,02abc2bc
323,36627911.376,21842,09,60,04dd,0000,00000000,02abc2bc
324,36728072.016,21902,09,60,04dd,0000,00000000,02abc2bc
325,36828232.656,21962,09,60,04dd,0000,00000000,02abc2bc
326,36928393.296,22022,09,60,04dd,0000,00000000,02abc2bc
327,37028553.936,22082,09,60,04dd,0000,00000000,02abc2bc
328,37128714.576,22142,09,60,04dd,0000,00000000,02abc2bc
329,37228875.216,22202,09,60,04dd,0000,00000000,02abc2bc
330,37329035.856,22262,09,60,04dd,0000,00000000,02abc2bc
331,37429196.496,22322,09,60,04dd,0000,00000000,02abc2bc
332,37529357.136,22382,09,60,04dd,0000,00000000,02abc2bc
333,37629517.776,22442,09,60,04dd,0000,00000000,02abc2bc
334,37729678.416,22502,09,60,04dd,0000,00000000,02abc2bc
335,37829839.056,22562,09,60,04dd,0000,00000000,02abc2bc
336,37929999.696,22622,09,60,04dd,0000,00000000,02abc2bc
337,38030160.336,22682,09,60,04dd,0000,00000000,02abc2bc
338,38130320.976,22742,09,60,04dd,0000,00000000,02abc2bc
339,38230481.616,22802,09,60,04dd,0000,00000000,02abc2bc
340,38330642.256,22862,09,60,04dd,0000,00000000,02abc2bc
341,38430802.896,22922,09,60,04dd,0000,00000000,02abc2bc
342,38530963.536,22982,09,60,04dd,0000,00000000,02abc2bc
343,38631124.176,23042,09,60,04dd,0000,00000000,02abc2bc
344,38731284.816,23102,09,60,04dd,0000,00000000,02abc2bc
345,38831445.456,23162,09,60,04dd,0000,00000000,02abc2bc
346,38931606.096,23222,09,60,04dd,0000,00000000,02abc2bc
347,39031766.736,23282,09,60,04dd,0000,00000000,02abc2bc
348,39131927.376,23342,09,60,04dd,0000,00000000,02abc2bc
349,39232088.016,23402,09,60,04dd,0000,00000000,02abc2bc
350,39332248.656,23462,09,60,04dd,0000,00000000,02abc2bc
351,39432409.296,23522,09,60,04dd,0000,00000000,02abc2bc
352,39532569.936,23582,09,60,04dd,0000,00000000,02abc2bc
353,39632730.576,23642,09,60,04dd,0000,00000000,02abc2bc
354,39732891.216,23702,09,60,04dd,0000,00000000,02abc2bc
355,39833051.856,23762,09,60,04dd,0000,00000000,02abc2bc
356,39933212.496,23822,09,60,04dd,0000,00000000,02abc2bc
357,40033373.136,23882,09,60,04dd,0000,00000000,02abc2bc
358,40133533.776,23942,09,60,04dd,0000,00000000,02abc2bc
359,40233694.416,24002,09,60,04dd,0000,00000000,02abc2bc
360,40333855.056,24062,09,60,04dd,0000,00000000,02abc2bc
361,40434015.696,24122,09,60,04dd,0000,00000000,02abc2bc
362,40534176.336,24182,09,60,04dd,0000,00000000,02abc2bc
363,40634336.976,24242,09,60,04dd,0000,00000000,02abc2bc
364,40734497.616,24302,09,60,04dd,0000,00000000,02abc2bc
365,40834658.256,24362,09,60,04dd,0000,00000000,02abc2bc
366,40934818.896,24422,09,60,04dd,0000,00000000,02abc2bc
367,41034979.536,24482,09,60,04dd,0000,00000000,02abc2bc
368,41135140.176,24542,09,60,04dd,0000,00000000,02abc2bc
369,41235300.816,24602,09,60,04dd,0000,00000000,02abc2bc
370,41335461.456,24662,09,60,04dd,0000,00000000,02abc2bc
371,41435622.096,24722,09,60,04dd,0000,00000000,02abc2bc
372,41535782.736,24782,09,60,04dd,0000,00000000,02abc2bc
373,41635943.376,24842,09,60,04dd,0000,00000000,02abc2bc
374,41736104.016,24902,09,60,04dd,0000,00000000,02abc2bc
375,41836264.656,24962,09,60,04dd,0000,00000000,02abc2bc
376,41936425.296,25022,09,60,04dd,0000,00000000,02abc2bc
377,42036585.936,25082,09,60,04dd,0000,00000000,02abc2bc
378,42136746.576,25142,09,60,04dd,0000,00000000,02abc2bc
379,42236907.216,25202,09,60,04dd,0000,00000000,02abc2bc
380,42337067.856,25262,09,60,04dd,0000,00000000,02abc2bc
381,42437228.496,25322,09,60,04dd,0000,00000000,02abc2bc
382,42537389.136,25382,09,60,04dd,0000,00000000,02abc2bc
383,42637549.776,25442,09,60,04dd,0000,00000000,02abc2bc
384,42737710.416,25502,09,60,04dd,0000,00000000,02abc2bc
385,42837871.056,25562,09,60,04dd,0000,00000000,02abc2bc
386,42938031.696,25622,09,60,04dd,0000,00000000,02abc2bc
387,43038192.336,25682,09,60,04dd,0000,00000000,02abc2bc
388,43138352.976,25742,09,60,04dd,0000,00000000,02abc2bc
389,43238513.616,25802,09,60,04dd,0000,00000000,02abc2bc
390,43338674.256,25862,09,60,04dd,0000,00000000,02abc2bc
391,43438834.896,25922,09,60,04dd,0000,00000000,02abc2bc
392,43538995.536,25982,09,60,04dd,0000,00000000,02abc2bc
393,43639156.176,26042,09,60,04dd,0000,00000000,02abc2bc
394,43739316.816,26102,09,60,04dd,0000,00000000,02abc2bc
395,43839477.456,26162,09,60,04dd,0000,00000000,02abc2bc
396,43939638.096,26222,09,60,04dd,0000,00000000,02abc2bc
397,44039798.736,26282,09,60,04dd,0000,00000000,02abc2bc
398,44139959.376,26342,09,60,04dd,0000,00000000,02abc2bc
399,44240120.016,26402,09,60,04dd,0000,00000000,02abc2bc
400,44340280.656,26462,09,60,04dd,0000,00000000,02abc2bc
401,44440441.296,26522,09,60,04dd,0000,00000000,02abc2bc
402,44540601.936,26582,09,60,04dd,0000,00000000,02abc2bc
403,44640762.576,26642,09,60,04dd,0000,00000000,02abc2bc
404,44740923.216,26702,09,60,04dd,0000,00000000,02abc2bc
405,44841083.856,26762,09,60,04dd,0000,00000000,02abc2bc
406,44941244.496,26822,09,60,04dd,0000,00000000,02abc2bc
407,45041405.136,26882,09,60,04dd,0000,00000000,02abc2bc
408,45141565.776,26942,09,60,04dd,0000,00000000,02abc2bc
409,45241726.416,27002,09,60,04dd,0000,00000000,02abc2bc
410,45341887.056,27062,09,60,04dd,0000,00000000,02abc2bc
411,45442047.696,27122,09,60,04dd,0000,00000000,02abc2bc
412,45542208.336,27182,09,60,04dd,0000,00000000,02abc2bc
413,45642368.976,27242,09,60,04dd,0000,00000000,02abc2bc
414,45742529.616,27302,09,60,04dd,0000,00000000,02abc2bc
415,45842690.256,27362,09,60,04dd,0000,00000000,02abc2bc
416,45942850.896,27422,09,60,04dd,0000,00000000,02abc2bc
417,46043011.536,27482,09,60,04dd,0000,00000000,02abc2bc
418,46143172.176,27542,09,60,04dd,0000,00000000,02abc2bc
419,46243332.816,27602,09,60,04dd,0000,00000000,02abc2bc
420,46343493.456,27662,09,60,04dd,0000,00000000,02abc2bc
421,46443654.096,27722,09,60,04dd,0000,00000000,02abc2bc
422,46543814.736,27782,09,60,04dd,0000,00000000,02abc2bc
423,46643975.376,27842,09,60,04dd,0000,00000000,02abc2bc
424,46744136.016,27902,09,60,04dd,0000,00000000,02abc2bc
425,46844296.656,27962,09,60,04dd,0000,00000000,02abc2bc
426,46944457.296,28022,09,60,04dd,0000,00000000,02abc2bc
427,47044617.936,28082,09,60,04dd,0000,00000000,02abc2bc
428,47144778.576,28142,09,60,04dd,0000,00000000,02abc2bc
429,47244939.216,28202,09,60,04dd,0000,00000000,02abc2bc
430,47345099.856,28262,09,60,04dd,0000,00000000,02abc2bc
431,47445260.496,28322,09,60,04dd,0000,00000000,02abc2bc
432,47545421.136,28382,09,60,04dd,0000,00000000,02abc2bc
433,47645581.776,28442,09,60,04dd,0000,00000000,02abc2bc
434,47745742.416,28502,09,60,04dd,0000,00000000,02abc2bc
435,47845903.056,28562,09,60,04dd,0000,00000000,02abc2bc
436,47946063.696,28622,09,60,04dd,0000,00000000,02abc2bc
437,48046224.336,28682,09,60,04dd,0000,00000000,02abc2bc
438,48146384.976,28742,09,60,04dd,0000,00000000,02abc2bc
439,48246545.616,28802,09,60,04dd,0000,00000000,02abc2bc
440,48346706.256,28862,09,60,04dd,0000,00000000,02abc2bc
441,48446866.896,28922,09,60,04dd,0000,00000000,02abc2bc
442,48547027.536,28982,09,60,04dd,0000,00000000,02abc2bc
443,48647188.176,29042,09,60,04dd,0000,00000000,02abc2bc
444,48747348.816,29102,09,60,04dd,0000,00000000,02abc2bc
445,48847509.456,29162,09,60,04dd,0000,00000000,02abc2bc
446,48947670.096,29222,09,60,04dd,0000,00000000,02abc2bc
447,49047830.736,29282,09,60,04dd,0000,00000000,02abc2bc
448,49147991.376,29342,09,60,04dd,0000,00000000,02abc2bc
449,49248152.016,29402,09,60,04dd,0000,00000000,02abc2bc
450,49348312.656,29462,09,60,04dd,0000,00000000,02abc2bc
451,49448473.296,29522,09,60,04dd,0000,00000000,02abc2bc
452,49548633.936,29582,09,60,04dd,0000,00000000,02abc2bc
453,49648794.576,29642,09,60,04dd,0000,00000000,02abc2bc
454,49748955.216,29702,09,60,04dd,0000,00000000,02abc2bc
455,49849115.856,29762,09,60,04dd,0000,00000000,02abc2bc
456,49949276.496,29822,09,60,04dd,0000,00000000,02abc2bc
457,50049437.136,29882,09,60,04dd,0000,00000000,02abc2bc
458,50149597.776,29942,09,60,04dd,0000,00000000,02abc2bc
459,50249758.416,30002,09,60,04dd,0000,00000000,02abc2bc
460,50349919.056,30062,09,60,04dd,0000,00000000,02abc2bc
461,50450079.696,30122,09,60,04dd,0000,00000000,02abc2bc
462,50550240.336,30182,09,60,04dd,0000,00000000,02abc2bc
463,50650400.976,30242,09,60,04dd,0000,00000000,02abc2bc
464,50750561.616,30302,09,60,04dd,0000,00000000,02abc2bc
465,50850722.256,30362,09,60,04dd,0000,00000000,02abc2bc
466,50950882.896,30422,09,60,04dd,0000,00000000,02abc2bc
467,51051043.536,30482,09,60,04dd,0000,00000000,02abc2bc
468,51151204.176,30542,09,60,04dd,0000,00000000,02abc2bc
469,51251364.816,30602,09,60,04dd,0000,00000000,02abc2bc
470,51351525.456,30662,09,60,04dd,0000,00000000,02abc2bc
471,51451686.096,30722,09,60,04dd,0000,00000000,02abc2bc
472,51551846.736,30782,09,60,04dd,0000,00000000,02abc2bc
473,51652007.376,30842,09,60,04dd,0000,00000000,02abc2bc
474,51752168.016,30902,09,60,04dd,0000,00000000,02abc2bc
475,51852328.656,30962,09,60,04dd,0000,00000000,02abc2bc
476,51952489.296,31022,09,60,04dd,0000,00000000,02abc2bc
477,52052649.936,31082,09,60,04dd,0000,00000000,02abc2bc
478,52152810.576,31142,09,60,04dd,0000,00000000,02abc2bc
479,52252971.216,31202,09,60,04dd,0000,00000000,02abc2bc
480,52353131.856,31262,09,60,04dd,0000,00000000,02abc2bc
481,52453292.496,31322,09,60,04dd,0000,00000000,02abc2bc
482,52553453.136,31382,09,60,04dd,0000,00000000,02abc2bc
483,52653613.776,31442,09,60,04dd,0000,00000000,02abc2bc
484,52753774.416,31502,09,60,04dd,0000,00000000,02abc2bc
485,52853935.056,31562,09,60,04dd,0000,00000000,02abc2bc
486,52954095.696,31622,09,60,04dd,0000,00000000,02abc2bc
487,53054256.336,31682,09,60,04dd,0000,00000000,02abc2bc
488,53154416.976,31742,09,60,04dd,0000,00000000,02abc2bc
489,53254577.616,31802,09,60,04dd,0000,00000000,02abc2bc
490,53354738.256,31862,09,60,04dd,0000,00000000,02abc2bc
491,53454898.896,31922,09,60,04dd,0000,00000000,02abc2bc
492,53555059.536,31982,09,60,04dd,0000,00000000,02abc2bc
493,53655220.176,32042,09,60,04dd,0000,00000000,02abc2bc
494,53755380.816,32102,09,60,04dd,0000,00000000,02abc2bc
495,53855541.456,32162,09,60,04dd,0000,00000000,02abc2bc
496,53955702.096,32222,09,60,04dd,0000,00000000,02abc2bc
497,54055862.736,32282,09,60,04dd,0000,00000000,02abc2bc
498,54156023.376,32342,09,60,04dd,0000,00000000,02abc2bc
499,54256184.016,32402,09,60,04dd,0000,00000000,02abc2bc
500,54356344.656,32462,09,60,04dd,0000,00000000,02abc2bc
501,54456505.296,32522,09,60,04dd,0000,00000000,02abc2bc
502,54556665.936,32582,09,60,04dd,0000,00000000,02abc2bc
503,54656826.576,32642,09,60,04dd,0000,00000000,02abc2bc
504,54756987.216,32702,09,60,04dd,0000,00000000,02abc2bc
505,54857147.856,32762,09,60,04dd,0000,00000000,02abc2bc
506,54957308.496,32822,09,60,04dd,0000,00000000,02abc2bc
507,55057469.136,32882,09,60,04dd,0000,00000000,02abc2bc
508,55157629.776,32942,09,60,04dd,0000,00000000,02abc2bc
509,55257790.416,33002,09,60,04dd,0000,00000000,02abc2bc
510,55357951.056,33062,09,60,04dd,0000,00000000,02abc2bc
511,55458111.696,33122,09,60,04dd,0000,00000000,02abc2bc
512,55558272.336,33182,09,60,04dd,0000,00000000,02abc2bc
513,55658432.976,33242,09,60,04dd,0000,00000000,02abc2bc
514,55758593.616,33302,09,60,04dd,0000,00000000,02abc2bc
515,55858754.256,33362,09,60,04dd,0000,00000000,02abc2bc
516,55958914.896,33422,09,60,04dd,0000,00000000,02abc2bc
517,56059075.536,33482,09,60,04dd,0000,00000000,02abc2bc
518,56159236.176,33542,09,60,04dd,0000,00000000,02abc2bc
519,56259396.816,33602,09,60,04dd,0000,00000000,02abc2bc
520,56359557.456,33662,09,60,04dd,0000,00000000,02abc2bc
521,56459718.096,33722,09,60,04dd,0000,00000000,02abc2bc
522,56559878.736,33782,09,60,04dd,0000,00000000,02abc2bc
523,56660039.376,33842,09,60,04dd,0000,00000000,02abc2bc
524,56760200.016,33902,09,60,04dd,0000,00000000,02abc2bc
525,56860360.656,33962,09,60,04dd,0000,00000000,02abc2bc
526,56960521.296,34022,09,60,04dd,0000,00000000,02abc2bc
527,57060681.936,34082,09,60,04dd,0000,00000000,02abc2bc
528,57160842.576,34142,09,60,04dd,0000,00000000,02abc2bc
529,57261003.216,34202,09,60,04dd,0000,00000000,02abc2bc
530,57361163.856,34262,09,60,04dd,0000,00000000,02abc2bc
531,57461324.496,34322,09,60,04dd,0000,00000000,02abc2bc
532,57561485.136,34382,09,60,04dd,0000,00000000,02abc2bc
533,57661645.776,34442,09,60,04dd,0000,00000000,02abc2bc
534,57761806.416,34502,09,60,04dd,0000,00000000,02abc2bc
535,57861967.056,34562,09,60,04dd,0000,00000000,02abc2bc
536,57962127.696,34622,09,60,04dd,0000,00000000,02abc2bc
537,58062288.336,34682,09,60,04dd,0000,00000000,02abc2bc
538,58162448.976,34742,09,60,04dd,0000,00000000,02abc2bc
539,58262609.616,34802,09,60,04dd,0000,00000000,02abc2bc
540,58362770.256,34862,09,60,04dd,0000,00000000,02abc2bc
541,58462930.896,34922,09,60,04dd,0000,00000000,02abc2bc
542,58563091.536,34982,09,60,04dd,0000,00000000,02abc2bc
543,58663252.176,35042,09,60,04dd,0000,00000000,02abc2bc
544,58763412.816,35102,09,60,04dd,0000,00000000,02abc2bc
545,58863573.456,35162,09,60,04dd,0000,00000000,02abc2bc
546,58963734.096,35222,09,60,04dd,0000,00000000,02abc2bc
547,59063894.736,35282,09,60,04dd,0000,00000000,02abc2bc
548,59164055.376,35342,09,60,04dd,0000,00000000,02abc2bc
549,59264216.016,35402,09,60,04dd,0000,00000000,02abc2bc
550,59364376.656,35462,09,60,04dd,0000,00000000,02abc2bc
551,59464537.296,35522,09,60,04dd,0000,00000000,02abc2bc
552,59564697.936,35582,09,60,04dd,0000,00000000,02abc2bc
553,59664858.576,35642,09,60,04dd,0000,00000000,02abc2bc
554,59765019.216,35702,09,60,04dd,0000,00000000,02abc2bc
555,59865179.856,35762,09,60,04dd,0000,00000000,02abc2bc
556,59965340.496,35822,09,60,04dd,0000,00000000,02abc2bc
557,60065501.136,35882,09,60,04dd,0000,00000000,02abc2bc
558,60165661.776,35942,09,60,04dd,0000,00000000,02abc2bc
559,60265822.416,36002,09,60,04dd,0000,00000000,02abc2bc
560,60365983.056,36062,09,60,04dd,0000,00000000,02abc2bc
561,60466143.696,36122,09,60,04dd,0000,00000000,02abc2bc
562,60566304.336,36182,09,60,04dd,0000,00000000,02abc2bc
563,60666464.976,36242,09,60,04dd,0000,00000000,02abc2bc
564,60766625.616,36302,09,60,04dd,0000,00000000,02abc2bc
565,60866786.256,36362,09,60,04dd,0000,00000000,02abc2bc
566,60966946.896,36422,09,60,04dd,0000,00000000,02abc2bc
567,61067107.536,36482,09,60,04dd,0000,00000000,02abc2bc
568,61167268.176,36542,09,60,04dd,0000,00000000,02abc2bc
569,61267428.816,36602,09,60,04dd,0000,00000000,02abc2bc
570,61367589.456,36662,09,60,04dd,0000,00000000,02abc2bc
571,61467750.096,36722,09,60,04dd,0000,00000000,02abc2bc
572,61567910.736,36782,09,60,04dd,0000,00000000,02abc2bc
573,61668071.376,36842,09,60,04dd,0000,00000000,02abc2bc
574,61768232.016,36902,09,60,04dd,0000,00000000,02abc2bc
575,61868392.656,36962,09,60,04dd,0000,00000000,02abc2bc
576,61968553.296,37022,09,60,04dd,0000,00000000,02abc2bc
577,62068713.936,37082,09,60,04dd,0000,00000000,02abc2bc
578,62168874.576,37142,09,60,04dd,0000,00000000,02abc2bc
579,62269035.216,37202,09,60,04dd,0000,00000000,02abc2bc
580,62369195.856,37262,09,60,04dd,0000,00000000,02abc2bc
581,62469356.496,37322,09,60,04dd,0000,00000000,02abc2bc
582,62569517.136,37382,09,60,04dd,0000,00000000,02abc2bc
583,62669677.776,37442,09,60,04dd,0000,00000000,02abc2bc
584,62769838.416,37502,09,60,04dd,0000,00000000,02abc2bc
585,62869999.056,37562,09,60,04dd,0000,00000000,02abc2bc
586,62970159.696,37622,09,60,04dd,0000,00000000,02abc2bc
587,63070320.336,37682,09,60,04dd,0000,00000000,02abc2bc
588,63170480.976,37742,09,60,04dd,0000,00000000,02abc2bc
589,63270641.616,37802,09,60,04dd,0000,00000000,02abc2bc
590,63370802.256,37862,09,60,04dd,0000,00000000,02abc2bc
591,63470962.896,37922,09,60,04dd,0000,00000000,02abc2bc
592,63571123.536,37982,09,60,04dd,0000,00000000,02abc2bc
593,63671284.176,38042,09,60,04dd,0000,00000000,02abc2bc
594,63771444.816,38102,09,60,04dd,0000,00000000,02abc2bc
595,63871605.456,38162,09,60,04dd,0000,00000000,02abc2bc
596,63971766.096,38222,09,60,04dd,0000,00000000,02abc2bc
597,64071926.736,38282,09,60,04dd,0000,00000000,02abc2bc
598,64172087.376,38342,09,60,04dd,0000,00000000,02abc2bc
599,64272248.016,38402,09,60,04dd,0000,00000000,02abc2bc
600,64372408.656,38462,09,60,04dd,0000,00000000,02abc2bc
601,64472569.296,38522,09,60,04dd,0000,00000000,02abc2bc
602,64572729.936,38582,09,60,04dd,0000,00000000,02abc2bc
603,64672890.576,38642,09,60,04dd,0000,00000000,02abc2bc
604,64773051.216,38702,09,60,04dd,0000,00000000,02abc2bc
605,64873211.856,38762,09,60,04dd,0000,00000000,02abc2bc
606,64973372.496,38822,09,60,04dd,0000,00000000,02abc2bc
607,65073533.136,38882,09,60,04dd,0000,00000000,02abc2bc
608,65173693.776,38942,09,60,04dd,0000,00000000,02abc2bc
609,65273854.416,39002,09,60,04dd,0000,00000000,02abc2bc
610,65374015.056,39062,09,60,04dd,0000,00000000,02abc2bc
611,65474175.696,39122,09,60,04dd,0000,00000000,02abc2bc
612,65574336.336,39182,09,60,04dd,0000,00000000,02abc2bc
613,65674496.976,39242,09,60,04dd,0000,00000000,02abc2bc
614,65774657.616,39302,09,60,04dd,0000,00000000,02abc2bc
615,65874818.256,39362,09,60,04dd,0000,00000000,02abc2bc
616,65974978.896,39422,09,60,04dd,0000,00000000,02abc2bc
617,66075139.536,39482,09,60,04dd,0000,00000000,02abc2bc
618,66175300.176,39542,09,60,04dd,0000,00000000,02abc2bc
619,66275460.816,39602,09,60,04dd,0000,00000000,02abc2bc
620,66375621.456,39662,09,60,04dd,0000,00000000,02abc2bc
621,66475782.096,39722,09,60,04dd,0000,00000000,02abc2bc
622,66575942.736,39782,09,60,04dd,0000,00000000,02abc2bc
623,66676103.376,39842,09,60,04dd,0000,00000000,02abc2bc
624,66776264.016,39902,09,60,04dd,0000,00000000,02abc2bc
625,66876424.656,39962,09,60,04dd,0000,00000000,02abc2bc
626,66976585.296,40022,09,60,04dd,0000,00000000,02abc2bc
627,67076745.936,40082,09,60,04dd,0000,00000000,02abc2bc
628,67176906.576,40142,09,60,04dd,0000,00000000,02abc2bc
629,67277067.216,40202,09,60,04dd,0000,00000000,02abc2bc
630,67377227.856,40262,09,60,04dd,0000,00000000,02abc2bc
631,67477388.496,40322,09,60,04dd,0000,00000000,02abc2bc
632,67577549.136,40382,09,60,04dd,0000,00000000,02abc2bc
633,67677709.776,40442,09,60,04dd,0000,00000000,02abc2bc
634,67777870.416,40502,09,60,04dd,0000,00000000,02abc2bc
635,67878031.056,40562,09,60,04dd,0000,00000000,02abc2bc
636,67978191.696,40622,09,60,04dd,0000,00000000,02abc2bc
637,68078352.336,40682,09,60,04dd,0000,00000000,02abc2bc
638,68178512.976,40742,09,60,04dd,0000,00000000,02abc2bc
639,68278673.616,40802,09,60,04dd,0000,00000000,02abc2bc
640,68378834.256,40862,09,60,04dd,0000,00000000,02abc2bc
641,68478994.896,40922,09,60,04dd,0000,00000000,02abc2bc
642,68579155.536,40982,09,60,04dd,0000,00000000,02abc2bc
643,68679316.176,41042,09,60,04dd,0000,00000000,02abc2bc
644,68779476.816,41102,09,60,04dd,0000,00000000,02abc2bc
645,68879637.456,41162,09,60,04dd,0000,00000000,02abc2bc
646,68979798.096,41222,09,60,04dd,0000,00000000,02abc2bc
647,69079958.736,41282,09,60,04dd,0000,00000000,02abc2bc
648,69180119.376,41342,09,60,04dd,0000,00000000,02abc2bc
649,69280280.016,41402,09,60,04dd,0000,00000000,02abc2bc
650,69380440.656,41462,09,60,04dd,0000,00000000,02abc2bc
651,69480601.296,41522,09,60,04dd,0000,00000000,02abc2bc
652,69580761.936,41582,09,60,04dd,0000,00000000,02abc2bc
653,69680922.576,41642,09,60,04dd,0000,00000000,02abc2bc
654,69781083.216,41702,09,60,04dd,0000,00000000,02abc2bc
655,69881243.856,41762,09,60,04dd,0000,00000000,02abc2bc
656,69981404.496,41822,09,60,04dd,0000,00000000,02abc2bc
657,70081565.136,41882,09,60,04dd,0000,00000000,02abc2bc
658,70181725.776,41942,09,60,04dd,0000,00000000,02abc2bc
