seq,time_ps,t_cyc,t_time_abs,head_due,gr_rise_t_cyc,pop_t_cyc,conf,nsamp,gain,addr,phase,freq
0,4247110.000,1756,649,645,1755,1755,0009,60,0020,000000,00000000,02abc2bc
1,4256406.000,1760,653,645,1755,1759,0009,60,0041,000000,00000000,02abc2bc
2,4265702.000,1764,657,645,1755,1763,0009,60,0062,000000,00000000,02abc2bc
3,4274998.000,1768,661,645,1755,1767,0009,60,0083,000000,00000000,02abc2bc
4,4284294.000,1772,665,645,1755,1771,0009,60,00a3,000000,00000000,02abc2bc
5,4293590.000,1776,669,645,1755,1775,0009,60,00c4,000000,00000000,02abc2bc
6,4302886.000,1780,673,645,1755,1779,0009,60,00e5,000000,00000000,02abc2bc
7,4312182.000,1784,677,645,1755,1783,0009,60,0106,000000,00000000,02abc2bc
8,4321478.000,1788,681,645,1755,1787,0009,60,0126,000000,00000000,02abc2bc
9,4330774.000,1792,685,645,1755,1791,0009,60,0147,000000,00000000,02abc2bc
10,4340070.000,1796,689,645,1755,1795,0009,60,0168,000000,00000000,02abc2bc
11,4349366.000,1800,693,645,1755,1799,0009,60,0189,000000,00000000,02abc2bc
12,4358662.000,1804,697,645,1755,1803,0009,60,01a9,000000,00000000,02abc2bc
13,4367958.000,1808,701,645,1755,1807,0009,60,01ca,000000,00000000,02abc2bc
14,4377254.000,1812,705,645,1755,1811,0009,60,01eb,000000,00000000,02abc2bc
15,4386550.000,1816,709,645,1755,1815,0009,60,020c,000000,00000000,02abc2bc
16,4395846.000,1820,713,645,1755,1819,0009,60,022d,000000,00000000,02abc2bc
17,4405142.000,1824,717,645,1755,1823,0009,60,024d,000000,00000000,02abc2bc
18,4414438.000,1828,721,645,1755,1827,0009,60,026e,000000,00000000,02abc2bc
19,4423734.000,1832,725,645,1755,1831,0009,60,028f,000000,00000000,02abc2bc
20,4433030.000,1836,729,645,1755,1835,0009,60,02b0,000000,00000000,02abc2bc
21,4442326.000,1840,733,645,1755,1839,0009,60,02d0,000000,00000000,02abc2bc
22,4451622.000,1844,737,645,1755,1843,0009,60,02f1,000000,00000000,02abc2bc
23,4460918.000,1848,741,645,1755,1847,0009,60,0312,000000,00000000,02abc2bc
24,4470214.000,1852,745,645,1755,1851,0009,60,0333,000000,00000000,02abc2bc
25,4479510.000,1856,749,645,1755,1855,0009,60,0353,000000,00000000,02abc2bc
26,4488806.000,1860,753,645,1755,1859,0009,60,0374,000000,00000000,02abc2bc
27,4498102.000,1864,757,645,1755,1863,0009,60,0395,000000,00000000,02abc2bc
28,4507398.000,1868,761,645,1755,1867,0009,60,03b6,000000,00000000,02abc2bc
29,4516694.000,1872,765,645,1755,1871,0009,60,03d6,000000,00000000,02abc2bc
30,4525990.000,1876,769,645,1755,1875,0009,60,03f7,000000,00000000,02abc2bc
31,4535286.000,1880,773,645,1755,1879,0009,60,0418,000000,00000000,02abc2bc
32,4544582.000,1884,777,645,1755,1883,0009,60,0439,000000,00000000,02abc2bc
33,4553878.000,1888,781,645,1755,1887,0009,60,045a,000000,00000000,02abc2bc
34,4563174.000,1892,785,645,1755,1891,0009,60,047a,000000,00000000,02abc2bc
35,4586414.000,1902,795,645,1755,1901,0009,60,049b,000000,00000000,02abc2bc
36,4686346.000,1945,838,645,1755,1944,0009,60,04bc,000000,00000000,02abc2bc
37,4786278.000,1988,881,645,1755,1987,0009,60,04dd,000000,00000000,02abc2bc
38,4886210.000,2031,924,645,1755,2030,0009,60,04fd,000000,00000000,02abc2bc
39,4986142.000,2074,967,645,1755,2073,0009,60,051e,000000,00000000,02abc2bc
