seq,time_ps,c_cyc,p_addr,p_time,c_time_ref,c_time_usr,conf,nsamp,gain,addr,phase,freq
0,2822500.000,531,0,215,430,4294966894,0009,60,0020,000000,00000000,02abc2bc
1,2837500.000,534,0,215,430,4294966902,0009,60,0041,000000,00000000,02abc2bc
2,2852500.000,537,0,215,430,4294966902,0009,60,0062,000000,00000000,02abc2bc
3,2867500.000,540,0,215,430,4294966909,0009,60,0083,000000,00000000,02abc2bc
4,2882500.000,543,0,215,430,4294966917,0009,60,00a3,000000,00000000,02abc2bc
5,2897500.000,546,0,215,430,4294966924,0009,60,00c4,000000,00000000,02abc2bc
6,2912500.000,549,0,215,430,4294966932,0009,60,00e5,000000,00000000,02abc2bc
7,2927500.000,552,0,215,430,4294966939,0009,60,0106,000000,00000000,02abc2bc
8,2942500.000,555,0,215,430,4294966939,0009,60,0126,000000,00000000,02abc2bc
9,2957500.000,558,0,215,430,4294966948,0009,60,0147,000000,00000000,02abc2bc
10,2972500.000,561,0,215,430,4294966956,0009,60,0168,000000,00000000,02abc2bc
11,2987500.000,564,0,215,430,4294966965,0009,60,0189,000000,00000000,02abc2bc
12,3002500.000,567,0,215,430,4294966965,0009,60,01a9,000000,00000000,02abc2bc
13,3017500.000,570,0,215,430,4294966973,0009,60,01ca,000000,00000000,02abc2bc
14,3032500.000,573,0,215,430,4294966982,0009,60,01eb,000000,00000000,02abc2bc
15,3047500.000,576,0,215,430,4294966991,0009,60,020c,000000,00000000,02abc2bc
16,3062500.000,579,0,215,430,4294966991,0009,60,022d,000000,00000000,02abc2bc
17,3077500.000,582,0,215,430,4294966999,0009,60,024d,000000,00000000,02abc2bc
18,3092500.000,585,0,215,430,4294967008,0009,60,026e,000000,00000000,02abc2bc
19,3107500.000,588,0,215,430,4294967016,0009,60,028f,000000,00000000,02abc2bc
20,3122500.000,591,0,215,430,4294967023,0009,60,02b0,000000,00000000,02abc2bc
21,3137500.000,594,0,215,430,4294967031,0009,60,02d0,000000,00000000,02abc2bc
22,3152500.000,597,0,215,430,4294967031,0009,60,02f1,000000,00000000,02abc2bc
23,3167500.000,600,0,215,430,4294967038,0009,60,0312,000000,00000000,02abc2bc
24,3182500.000,603,0,215,430,4294967046,0009,60,0333,000000,00000000,02abc2bc
25,3197500.000,606,0,215,430,4294967053,0009,60,0353,000000,00000000,02abc2bc
26,3212500.000,609,0,215,430,4294967062,0009,60,0374,000000,00000000,02abc2bc
27,3227500.000,612,0,215,430,4294967062,0009,60,0395,000000,00000000,02abc2bc
28,3242500.000,615,0,215,430,4294967070,0009,60,03b6,000000,00000000,02abc2bc
29,3257500.000,618,0,215,430,4294967079,0009,60,03d6,000000,00000000,02abc2bc
30,3272500.000,621,0,215,430,4294967087,0009,60,03f7,000000,00000000,02abc2bc
31,3287500.000,624,0,215,430,4294967094,0009,60,0418,000000,00000000,02abc2bc
32,3302500.000,627,0,215,430,4294967102,0009,60,0439,000000,00000000,02abc2bc
33,3317500.000,630,0,215,430,4294967102,0009,60,045a,000000,00000000,02abc2bc
34,3332500.000,633,0,215,430,4294967109,0009,60,047a,000000,00000000,02abc2bc
35,3347500.000,636,0,215,430,4294967117,0009,60,049b,000000,00000000,02abc2bc
36,3362500.000,639,0,215,430,4294967124,0009,60,04bc,000000,00000000,02abc2bc
37,3377500.000,642,0,215,430,4294967133,0009,60,04dd,000000,00000000,02abc2bc
38,3392500.000,645,0,215,430,4294967133,0009,60,04fd,000000,00000000,02abc2bc
39,3407500.000,648,0,215,430,4294967141,0009,60,051e,000000,00000000,02abc2bc
40,3422500.000,651,1,258,430,4294967150,0009,60,053f,000000,00000000,02abc2bc
41,3437500.000,654,1,430,430,4294967158,0009,60,0560,000000,00000000,02abc2bc
