time_ps,t_cyc,t_time_abs,wave_t_gr_r,wave_pop,wave_pop_r,not_empty_r,m_axis_tready
166166.000,0,0,0,0,0,1,1
168490.000,1,0,0,0,0,0,1
2745806.000,1110,3,1,0,0,0,1
2841090.000,1151,44,0,0,0,1,1
4244786.000,1755,648,1,1,0,1,1
4247110.000,1756,649,1,0,1,1,1
4249434.000,1757,650,1,0,0,1,1
4251758.000,1758,651,1,0,0,0,1
4254082.000,1759,652,1,1,0,1,1
4256406.000,1760,653,1,0,1,1,1
4258730.000,1761,654,1,0,0,1,1
4261054.000,1762,655,1,0,0,0,1
4263378.000,1763,656,1,1,0,1,1
4265702.000,1764,657,1,0,1,1,1
4268026.000,1765,658,1,0,0,1,1
4270350.000,1766,659,1,0,0,0,1
4272674.000,1767,660,1,1,0,1,1
4274998.000,1768,661,1,0,1,1,1
4277322.000,1769,662,1,0,0,1,1
4279646.000,1770,663,1,0,0,0,1
4281970.000,1771,664,1,1,0,1,1
4284294.000,1772,665,1,0,1,1,1
4286618.000,1773,666,1,0,0,1,1
4288942.000,1774,667,1,0,0,0,1
4291266.000,1775,668,1,1,0,1,1
4293590.000,1776,669,1,0,1,1,1
4295914.000,1777,670,1,0,0,1,1
4298238.000,1778,671,1,0,0,0,1
4300562.000,1779,672,1,1,0,1,1
4302886.000,1780,673,1,0,1,1,1
4305210.000,1781,674,1,0,0,1,1
4307534.000,1782,675,1,0,0,0,1
4309858.000,1783,676,1,1,0,1,1
4312182.000,1784,677,1,0,1,1,1
4314506.000,1785,678,1,0,0,1,1
4316830.000,1786,679,1,0,0,0,1
4319154.000,1787,680,1,1,0,1,1
4321478.000,1788,681,1,0,1,1,1
4323802.000,1789,682,1,0,0,1,1
4326126.000,1790,683,1,0,0,0,1
4328450.000,1791,684,1,1,0,1,1
4330774.000,1792,685,1,0,1,1,1
4333098.000,1793,686,1,0,0,1,1
4335422.000,1794,687,1,0,0,0,1
4337746.000,1795,688,1,1,0,1,1
4340070.000,1796,689,1,0,1,1,1
4342394.000,1797,690,1,0,0,1,1
4344718.000,1798,691,1,0,0,0,1
4347042.000,1799,692,1,1,0,1,1
4349366.000,1800,693,1,0,1,1,1
4351690.000,1801,694,1,0,0,1,1
4354014.000,1802,695,1,0,0,0,1
4356338.000,1803,696,1,1,0,1,1
4358662.000,1804,697,1,0,1,1,1
4360986.000,1805,698,1,0,0,1,1
4363310.000,1806,699,1,0,0,0,1
4365634.000,1807,700,1,1,0,1,1
4367958.000,1808,701,1,0,1,1,1
4370282.000,1809,702,1,0,0,1,1
4372606.000,1810,703,1,0,0,0,1
4374930.000,1811,704,1,1,0,1,1
4377254.000,1812,705,1,0,1,1,1
4379578.000,1813,706,1,0,0,1,1
4381902.000,1814,707,1,0,0,0,1
4384226.000,1815,708,1,1,0,1,1
4386550.000,1816,709,1,0,1,1,1
4388874.000,1817,710,1,0,0,1,1
4391198.000,1818,711,1,0,0,0,1
4393522.000,1819,712,1,1,0,1,1
4395846.000,1820,713,1,0,1,1,1
4398170.000,1821,714,1,0,0,1,1
4400494.000,1822,715,1,0,0,0,1
4402818.000,1823,716,1,1,0,1,1
4405142.000,1824,717,1,0,1,1,1
4407466.000,1825,718,1,0,0,1,1
4409790.000,1826,719,1,0,0,0,1
4412114.000,1827,720,1,1,0,1,1
4414438.000,1828,721,1,0,1,1,1
4416762.000,1829,722,1,0,0,1,1
4419086.000,1830,723,1,0,0,0,1
4421410.000,1831,724,1,1,0,1,1
4423734.000,1832,725,1,0,1,1,1
4426058.000,1833,726,1,0,0,1,1
4428382.000,1834,727,1,0,0,0,1
4430706.000,1835,728,1,1,0,1,1
4433030.000,1836,729,1,0,1,1,1
4435354.000,1837,730,1,0,0,1,1
4437678.000,1838,731,1,0,0,0,1
4440002.000,1839,732,1,1,0,1,1
4442326.000,1840,733,1,0,1,1,1
4444650.000,1841,734,1,0,0,1,1
4446974.000,1842,735,1,0,0,0,1
4449298.000,1843,736,1,1,0,1,1
4451622.000,1844,737,1,0,1,1,1
4453946.000,1845,738,1,0,0,1,1
4456270.000,1846,739,1,0,0,0,1
4458594.000,1847,740,1,1,0,1,1
4460918.000,1848,741,1,0,1,1,1
4463242.000,1849,742,1,0,0,1,1
4465566.000,1850,743,1,0,0,0,1
4467890.000,1851,744,1,1,0,1,1
4470214.000,1852,745,1,0,1,1,1
4472538.000,1853,746,1,0,0,1,1
4474862.000,1854,747,1,0,0,0,1
4477186.000,1855,748,1,1,0,1,1
4479510.000,1856,749,1,0,1,1,1
4481834.000,1857,750,1,0,0,1,1
4484158.000,1858,751,1,0,0,0,1
4486482.000,1859,752,1,1,0,1,1
4488806.000,1860,753,1,0,1,1,1
4491130.000,1861,754,1,0,0,1,1
4493454.000,1862,755,1,0,0,0,1
4495778.000,1863,756,1,1,0,1,1
4498102.000,1864,757,1,0,1,1,1
4500426.000,1865,758,1,0,0,1,1
4502750.000,1866,759,1,0,0,0,1
4505074.000,1867,760,1,1,0,1,1
4507398.000,1868,761,1,0,1,1,1
4509722.000,1869,762,1,0,0,1,1
4512046.000,1870,763,1,0,0,0,1
4514370.000,1871,764,1,1,0,1,1
4516694.000,1872,765,1,0,1,1,1
4519018.000,1873,766,1,0,0,1,1
4521342.000,1874,767,1,0,0,0,1
4523666.000,1875,768,1,1,0,1,1
4525990.000,1876,769,1,0,1,1,1
4528314.000,1877,770,1,0,0,1,1
4530638.000,1878,771,1,0,0,0,1
4532962.000,1879,772,1,1,0,1,1
4535286.000,1880,773,1,0,1,1,1
4537610.000,1881,774,1,0,0,1,1
4539934.000,1882,775,1,0,0,0,1
4542258.000,1883,776,1,1,0,1,1
4544582.000,1884,777,1,0,1,1,1
4546906.000,1885,778,1,0,0,1,1
4549230.000,1886,779,1,0,0,0,1
4551554.000,1887,780,1,1,0,1,1
4553878.000,1888,781,1,0,1,1,1
4556202.000,1889,782,1,0,0,1,1
4558526.000,1890,783,1,0,0,0,1
4560850.000,1891,784,1,1,0,1,1
4563174.000,1892,785,1,0,1,1,1
4565498.000,1893,786,1,0,0,1,0
4567822.000,1894,787,1,0,0,0,0
4570146.000,1895,788,1,0,0,1,0
4584090.000,1901,794,1,1,0,1,1
4586414.000,1902,795,1,0,1,1,1
4588738.000,1903,796,1,0,0,1,0
4591062.000,1904,797,1,0,0,0,0
4593386.000,1905,798,1,0,0,1,0
4684022.000,1944,837,1,1,0,1,1
4686346.000,1945,838,1,0,1,1,1
4688670.000,1946,839,1,0,0,1,0
4690994.000,1947,840,1,0,0,0,0
4693318.000,1948,841,1,0,0,1,0
4783954.000,1987,880,1,1,0,1,1
4786278.000,1988,881,1,0,1,1,1
4788602.000,1989,882,1,0,0,1,0
4790926.000,1990,883,1,0,0,0,0
4793250.000,1991,884,1,0,0,1,0
4883886.000,2030,923,1,1,0,1,1
4886210.000,2031,924,1,0,1,1,1
4888534.000,2032,925,1,0,0,1,0
4890858.000,2033,926,1,0,0,0,0
4893182.000,2034,927,1,0,0,1,0
4983818.000,2073,966,1,1,0,1,1
4986142.000,2074,967,1,0,1,1,1
4988466.000,2075,968,1,0,0,1,0
4990790.000,2076,969,1,0,0,0,0
5083750.000,2116,1009,1,0,0,0,1
