k,fingerprint_gain,nsamp,due_tclk,p_time,lead_at_issue_tclk,accept_cclk,lead_at_timeline_tclk,status,release_kind,release_offset_tclk,compare_to_pop_tclk,release_spacing_tclk,transport_ps,transport_sgclk,queue_wait_sgclk,start_spacing_sgclk,due_to_start_ns,chained
0,0020,60,645,215,617,1,602,ok,head,4,0,,27245.312,16.321,1,,38.211,False
1,0041,60,645,215,609,1,,ok,queued,8,,4,27965.376,16.752,55,60,138.371,True
2,0062,60,645,215,609,1,,ok,queued,12,,4,27016.096,16.184,110,60,238.532,True
3,0083,60,645,215,602,1,,ok,queued,16,,4,27736.16,16.615,164,60,338.693,True
4,00a3,60,645,215,594,1,,ok,queued,20,,4,26786.88,16.046,219,60,438.853,True
5,00c4,60,645,215,587,1,,ok,queued,24,,4,27506.944,16.478,273,60,539.014,True
6,00e5,60,645,215,579,1,,ok,queued,28,,4,28227.008,16.909,327,60,639.174,True
7,0106,60,645,215,572,1,,ok,queued,32,,4,27277.728,16.34,382,60,739.335,True
8,0126,60,645,215,572,1,,ok,queued,36,,4,27997.792,16.772,436,60,839.496,True
9,0147,60,645,215,563,1,,ok,queued,40,,4,27048.512,16.203,491,60,939.656,True
10,0168,60,645,215,555,1,,ok,queued,44,,4,27768.576,16.634,545,60,1039.817,True
11,0189,60,645,215,546,1,,lost@E3,queued,48,,4,,,,,,False
12,01a9,60,645,215,546,1,,ok,queued,52,,4,27539.36,16.497,594,60,1139.978,True
13,01ca,60,645,215,538,1,,ok,queued,56,,4,28259.424,16.928,648,60,1240.138,True
14,01eb,60,645,215,529,1,,ok,queued,60,,4,27310.144,16.36,703,60,1340.299,True
15,020c,60,645,215,520,1,,ok,queued,64,,4,28030.208,16.791,757,60,1440.46,True
16,022d,60,645,215,520,1,,ok,queued,68,,4,27080.928,16.222,812,60,1540.62,True
17,024d,60,645,215,512,1,,ok,queued,72,,4,27800.992,16.654,866,60,1640.781,True
18,026e,60,645,215,503,1,,ok,queued,76,,4,26851.712,16.085,921,60,1740.942,True
19,028f,60,645,215,495,1,,ok,queued,80,,4,154441.92,92.517,959,120,1941.263,False
20,02b0,60,645,215,488,1,,ok,queued,84,,4,245306.56,146.948,959,60,2041.423,True
21,02d0,60,645,215,480,1,,ok,queued,88,,4,336171.2,201.379,959,60,2141.584,True
22,02f1,60,645,215,480,1,,ok,queued,92,,4,427035.84,255.811,959,60,2241.745,True
23,0312,60,645,215,473,1,,ok,queued,96,,4,517900.48,310.242,959,60,2341.905,True
24,0333,60,645,215,465,1,,ok,queued,100,,4,608765.12,364.673,959,60,2442.066,True
25,0353,60,645,215,458,1,,ok,queued,104,,4,699629.76,419.105,959,60,2542.227,True
26,0374,60,645,215,449,1,,ok,queued,108,,4,790494.4,473.536,959,60,2642.387,True
27,0395,60,645,215,449,1,,ok,queued,112,,4,881359.04,527.967,959,60,2742.548,True
28,03b6,60,645,215,441,1,,ok,queued,116,,4,972223.68,582.399,959,60,2842.709,True
29,03d6,60,645,215,432,1,,ok,queued,120,,4,1063088.32,636.83,959,60,2942.869,True
30,03f7,60,645,215,424,1,,ok,queued,124,,4,1153952.96,691.261,959,60,3043.03,True
31,0418,60,645,215,417,1,,ok,queued,128,,4,1244817.6,745.693,959,60,3143.19,True
32,0439,60,645,215,409,1,,ok,queued,132,,4,1335682.24,800.124,959,60,3243.351,True
33,045a,60,645,215,409,1,,ok,queued,136,,4,1426546.88,854.555,959,60,3343.512,True
34,047a,60,645,215,402,1,,ok,queued,140,,4,1517411.52,908.987,959,60,3443.672,True
35,049b,60,645,215,394,1,,ok,queued,150,,10,1594332.16,955.065,959,60,3543.833,True
36,04bc,60,645,215,387,1,,ok,queued,193,,43,1594560.8,955.202,959,60,3643.994,True
37,04dd,60,645,215,378,1,,ok,queued,236,,43,1594789.44,955.339,959,60,3744.154,True
38,04fd,60,645,215,378,1,,lost@E3,queued,279,,43,,,,,,False
39,051e,60,645,215,370,1,,lost@E3,queued,322,,43,,,,,,False
