seq,time_ps,c_cyc,port,due,conf,nsamp,gain,addr,phase,freq,raw168
0,2667500.000,500,0,645,0009,12,0020,000000,00000000,02abc2bc,00090000000c000000200000000000000002abc2bc
1,2682500.000,503,0,645,0009,12,0041,000000,00000000,02abc2bc,00090000000c000000410000000000000002abc2bc
2,2697500.000,506,0,645,0009,12,0062,000000,00000000,02abc2bc,00090000000c000000620000000000000002abc2bc
3,2712500.000,509,0,645,0009,12,0083,000000,00000000,02abc2bc,00090000000c000000830000000000000002abc2bc
4,2727500.000,512,0,645,0009,12,00a3,000000,00000000,02abc2bc,00090000000c000000a30000000000000002abc2bc
5,2742500.000,515,0,645,0009,12,00c4,000000,00000000,02abc2bc,00090000000c000000c40000000000000002abc2bc
6,2757500.000,518,0,645,0009,12,00e5,000000,00000000,02abc2bc,00090000000c000000e50000000000000002abc2bc
7,2772500.000,521,0,645,0009,12,0106,000000,00000000,02abc2bc,00090000000c000001060000000000000002abc2bc
8,2787500.000,524,0,645,0009,12,0126,000000,00000000,02abc2bc,00090000000c000001260000000000000002abc2bc
9,2802500.000,527,0,645,0009,12,0147,000000,00000000,02abc2bc,00090000000c000001470000000000000002abc2bc
10,2817500.000,530,0,645,0009,12,0168,000000,00000000,02abc2bc,00090000000c000001680000000000000002abc2bc
11,2832500.000,533,0,645,0009,12,0189,000000,00000000,02abc2bc,00090000000c000001890000000000000002abc2bc
12,2847500.000,536,0,645,0009,12,01a9,000000,00000000,02abc2bc,00090000000c000001a90000000000000002abc2bc
13,2862500.000,539,0,645,0009,12,01ca,000000,00000000,02abc2bc,00090000000c000001ca0000000000000002abc2bc
14,2877500.000,542,0,645,0009,12,01eb,000000,00000000,02abc2bc,00090000000c000001eb0000000000000002abc2bc
15,2892500.000,545,0,645,0009,12,020c,000000,00000000,02abc2bc,00090000000c0000020c0000000000000002abc2bc
16,2907500.000,548,0,645,0009,12,022d,000000,00000000,02abc2bc,00090000000c0000022d0000000000000002abc2bc
17,2922500.000,551,0,645,0009,12,024d,000000,00000000,02abc2bc,00090000000c0000024d0000000000000002abc2bc
18,2937500.000,554,0,645,0009,12,026e,000000,00000000,02abc2bc,00090000000c0000026e0000000000000002abc2bc
19,2952500.000,557,0,645,0009,12,028f,000000,00000000,02abc2bc,00090000000c0000028f0000000000000002abc2bc
20,2967500.000,560,0,645,0009,12,02b0,000000,00000000,02abc2bc,00090000000c000002b00000000000000002abc2bc
21,2982500.000,563,0,645,0009,12,02d0,000000,00000000,02abc2bc,00090000000c000002d00000000000000002abc2bc
22,2997500.000,566,0,645,0009,12,02f1,000000,00000000,02abc2bc,00090000000c000002f10000000000000002abc2bc
23,3012500.000,569,0,645,0009,12,0312,000000,00000000,02abc2bc,00090000000c000003120000000000000002abc2bc
24,3027500.000,572,0,645,0009,12,0333,000000,00000000,02abc2bc,00090000000c000003330000000000000002abc2bc
25,3042500.000,575,0,645,0009,12,0353,000000,00000000,02abc2bc,00090000000c000003530000000000000002abc2bc
26,3057500.000,578,0,645,0009,12,0374,000000,00000000,02abc2bc,00090000000c000003740000000000000002abc2bc
27,3072500.000,581,0,645,0009,12,0395,000000,00000000,02abc2bc,00090000000c000003950000000000000002abc2bc
28,3087500.000,584,0,645,0009,12,03b6,000000,00000000,02abc2bc,00090000000c000003b60000000000000002abc2bc
29,3102500.000,587,0,645,0009,12,03d6,000000,00000000,02abc2bc,00090000000c000003d60000000000000002abc2bc
30,3117500.000,590,0,645,0009,12,03f7,000000,00000000,02abc2bc,00090000000c000003f70000000000000002abc2bc
31,3132500.000,593,0,645,0009,12,0418,000000,00000000,02abc2bc,00090000000c000004180000000000000002abc2bc
32,3147500.000,596,0,645,0009,12,0439,000000,00000000,02abc2bc,00090000000c000004390000000000000002abc2bc
33,3162500.000,599,0,645,0009,12,045a,000000,00000000,02abc2bc,00090000000c0000045a0000000000000002abc2bc
34,3177500.000,602,0,645,0009,12,047a,000000,00000000,02abc2bc,00090000000c0000047a0000000000000002abc2bc
35,3192500.000,605,0,645,0009,12,049b,000000,00000000,02abc2bc,00090000000c0000049b0000000000000002abc2bc
36,3207500.000,608,0,645,0009,12,04bc,000000,00000000,02abc2bc,00090000000c000004bc0000000000000002abc2bc
37,3222500.000,611,0,645,0009,12,04dd,000000,00000000,02abc2bc,00090000000c000004dd0000000000000002abc2bc
38,3237500.000,614,0,645,0009,12,04fd,000000,00000000,02abc2bc,00090000000c000004fd0000000000000002abc2bc
39,3252500.000,617,0,645,0009,12,051e,000000,00000000,02abc2bc,00090000000c0000051e0000000000000002abc2bc
40,3267500.000,620,0,645,0009,12,053f,000000,00000000,02abc2bc,00090000000c0000053f0000000000000002abc2bc
41,3282500.000,623,0,645,0009,12,0560,000000,00000000,02abc2bc,00090000000c000005600000000000000002abc2bc
42,3297500.000,626,0,645,0009,12,0580,000000,00000000,02abc2bc,00090000000c000005800000000000000002abc2bc
43,3312500.000,629,0,645,0009,12,05a1,000000,00000000,02abc2bc,00090000000c000005a10000000000000002abc2bc
44,3327500.000,632,0,645,0009,12,05c2,000000,00000000,02abc2bc,00090000000c000005c20000000000000002abc2bc
45,3342500.000,635,0,645,0009,12,05e3,000000,00000000,02abc2bc,00090000000c000005e30000000000000002abc2bc
46,3357500.000,638,0,645,0009,12,0604,000000,00000000,02abc2bc,00090000000c000006040000000000000002abc2bc
47,3372500.000,641,0,645,0009,12,0624,000000,00000000,02abc2bc,00090000000c000006240000000000000002abc2bc
48,3387500.000,644,0,645,0009,12,0645,000000,00000000,02abc2bc,00090000000c000006450000000000000002abc2bc
49,3402500.000,647,0,645,0009,12,0666,000000,00000000,02abc2bc,00090000000c000006660000000000000002abc2bc
50,3417500.000,650,0,645,0009,12,0687,000000,00000000,02abc2bc,00090000000c000006870000000000000002abc2bc
51,3432500.000,653,0,645,0009,12,06a7,000000,00000000,02abc2bc,00090000000c000006a70000000000000002abc2bc
52,3447500.000,656,0,645,0009,12,06c8,000000,00000000,02abc2bc,00090000000c000006c80000000000000002abc2bc
53,3462500.000,659,0,645,0009,12,06e9,000000,00000000,02abc2bc,00090000000c000006e90000000000000002abc2bc
54,3477500.000,662,0,645,0009,12,070a,000000,00000000,02abc2bc,00090000000c0000070a0000000000000002abc2bc
55,3492500.000,665,0,645,0009,12,072a,000000,00000000,02abc2bc,00090000000c0000072a0000000000000002abc2bc
56,3507500.000,668,0,645,0009,12,074b,000000,00000000,02abc2bc,00090000000c0000074b0000000000000002abc2bc
57,3522500.000,671,0,645,0009,12,076c,000000,00000000,02abc2bc,00090000000c0000076c0000000000000002abc2bc
58,3537500.000,674,0,645,0009,12,078d,000000,00000000,02abc2bc,00090000000c0000078d0000000000000002abc2bc
59,3552500.000,677,0,645,0009,12,07ad,000000,00000000,02abc2bc,00090000000c000007ad0000000000000002abc2bc
60,3567500.000,680,0,645,0009,12,07ce,000000,00000000,02abc2bc,00090000000c000007ce0000000000000002abc2bc
61,3582500.000,683,0,645,0009,12,07ef,000000,00000000,02abc2bc,00090000000c000007ef0000000000000002abc2bc
62,3597500.000,686,0,645,0009,12,0810,000000,00000000,02abc2bc,00090000000c000008100000000000000002abc2bc
63,3612500.000,689,0,645,0009,12,0831,000000,00000000,02abc2bc,00090000000c000008310000000000000002abc2bc
64,3627500.000,692,0,645,0009,12,0851,000000,00000000,02abc2bc,00090000000c000008510000000000000002abc2bc
65,3642500.000,695,0,645,0009,12,0872,000000,00000000,02abc2bc,00090000000c000008720000000000000002abc2bc
66,3657500.000,698,0,645,0009,12,0893,000000,00000000,02abc2bc,00090000000c000008930000000000000002abc2bc
67,3672500.000,701,0,645,0009,12,08b4,000000,00000000,02abc2bc,00090000000c000008b40000000000000002abc2bc
68,3687500.000,704,0,645,0009,12,08d4,000000,00000000,02abc2bc,00090000000c000008d40000000000000002abc2bc
69,3702500.000,707,0,645,0009,12,08f5,000000,00000000,02abc2bc,00090000000c000008f50000000000000002abc2bc
70,3717500.000,710,0,645,0009,12,0916,000000,00000000,02abc2bc,00090000000c000009160000000000000002abc2bc
71,3732500.000,713,0,645,0009,12,0937,000000,00000000,02abc2bc,00090000000c000009370000000000000002abc2bc
72,3747500.000,716,0,645,0009,12,0957,000000,00000000,02abc2bc,00090000000c000009570000000000000002abc2bc
73,3762500.000,719,0,645,0009,12,0978,000000,00000000,02abc2bc,00090000000c000009780000000000000002abc2bc
74,3777500.000,722,0,645,0009,12,0999,000000,00000000,02abc2bc,00090000000c000009990000000000000002abc2bc
75,3792500.000,725,0,645,0009,12,09ba,000000,00000000,02abc2bc,00090000000c000009ba0000000000000002abc2bc
76,3807500.000,728,0,645,0009,12,09da,000000,00000000,02abc2bc,00090000000c000009da0000000000000002abc2bc
77,3822500.000,731,0,645,0009,12,09fb,000000,00000000,02abc2bc,00090000000c000009fb0000000000000002abc2bc
78,3837500.000,734,0,645,0009,12,0a1c,000000,00000000,02abc2bc,00090000000c00000a1c0000000000000002abc2bc
79,3852500.000,737,0,645,0009,12,0a3d,000000,00000000,02abc2bc,00090000000c00000a3d0000000000000002abc2bc
80,3867500.000,740,0,645,0009,12,0a5e,000000,00000000,02abc2bc,00090000000c00000a5e0000000000000002abc2bc
81,3882500.000,743,0,645,0009,12,0a7e,000000,00000000,02abc2bc,00090000000c00000a7e0000000000000002abc2bc
82,3897500.000,746,0,645,0009,12,0a9f,000000,00000000,02abc2bc,00090000000c00000a9f0000000000000002abc2bc
83,3912500.000,749,0,645,0009,12,0ac0,000000,00000000,02abc2bc,00090000000c00000ac00000000000000002abc2bc
84,3927500.000,752,0,645,0009,12,0ae1,000000,00000000,02abc2bc,00090000000c00000ae10000000000000002abc2bc
85,3942500.000,755,0,645,0009,12,0b01,000000,00000000,02abc2bc,00090000000c00000b010000000000000002abc2bc
86,3957500.000,758,0,645,0009,12,0b22,000000,00000000,02abc2bc,00090000000c00000b220000000000000002abc2bc
87,3972500.000,761,0,645,0009,12,0b43,000000,00000000,02abc2bc,00090000000c00000b430000000000000002abc2bc
88,3987500.000,764,0,645,0009,12,0b64,000000,00000000,02abc2bc,00090000000c00000b640000000000000002abc2bc
89,4002500.000,767,0,645,0009,12,0b84,000000,00000000,02abc2bc,00090000000c00000b840000000000000002abc2bc
90,4017500.000,770,0,645,0009,12,0ba5,000000,00000000,02abc2bc,00090000000c00000ba50000000000000002abc2bc
91,4032500.000,773,0,645,0009,12,0bc6,000000,00000000,02abc2bc,00090000000c00000bc60000000000000002abc2bc
92,4047500.000,776,0,645,0009,12,0be7,000000,00000000,02abc2bc,00090000000c00000be70000000000000002abc2bc
93,4062500.000,779,0,645,0009,12,0c08,000000,00000000,02abc2bc,00090000000c00000c080000000000000002abc2bc
94,4077500.000,782,0,645,0009,12,0c28,000000,00000000,02abc2bc,00090000000c00000c280000000000000002abc2bc
95,4092500.000,785,0,645,0009,12,0c49,000000,00000000,02abc2bc,00090000000c00000c490000000000000002abc2bc
96,4107500.000,788,0,645,0009,12,0c6a,000000,00000000,02abc2bc,00090000000c00000c6a0000000000000002abc2bc
97,4122500.000,791,0,645,0009,12,0c8b,000000,00000000,02abc2bc,00090000000c00000c8b0000000000000002abc2bc
98,4137500.000,794,0,645,0009,12,0cab,000000,00000000,02abc2bc,00090000000c00000cab0000000000000002abc2bc
99,4152500.000,797,0,645,0009,12,0ccc,000000,00000000,02abc2bc,00090000000c00000ccc0000000000000002abc2bc
100,4167500.000,800,0,645,0009,12,0ced,000000,00000000,02abc2bc,00090000000c00000ced0000000000000002abc2bc
101,4182500.000,803,0,645,0009,12,0d0e,000000,00000000,02abc2bc,00090000000c00000d0e0000000000000002abc2bc
102,4197500.000,806,0,645,0009,12,0d2e,000000,00000000,02abc2bc,00090000000c00000d2e0000000000000002abc2bc
103,4212500.000,809,0,645,0009,12,0d4f,000000,00000000,02abc2bc,00090000000c00000d4f0000000000000002abc2bc
104,4227500.000,812,0,645,0009,12,0d70,000000,00000000,02abc2bc,00090000000c00000d700000000000000002abc2bc
105,4242500.000,815,0,645,0009,12,0d91,000000,00000000,02abc2bc,00090000000c00000d910000000000000002abc2bc
106,4257500.000,818,0,645,0009,12,0db1,000000,00000000,02abc2bc,00090000000c00000db10000000000000002abc2bc
107,4272500.000,821,0,645,0009,12,0dd2,000000,00000000,02abc2bc,00090000000c00000dd20000000000000002abc2bc
108,4287500.000,824,0,645,0009,12,0df3,000000,00000000,02abc2bc,00090000000c00000df30000000000000002abc2bc
109,4302500.000,827,0,645,0009,12,0e14,000000,00000000,02abc2bc,00090000000c00000e140000000000000002abc2bc
110,4317500.000,830,0,645,0009,12,0e35,000000,00000000,02abc2bc,00090000000c00000e350000000000000002abc2bc
111,4332500.000,833,0,645,0009,12,0e55,000000,00000000,02abc2bc,00090000000c00000e550000000000000002abc2bc
112,4347500.000,836,0,645,0009,12,0e76,000000,00000000,02abc2bc,00090000000c00000e760000000000000002abc2bc
113,4362500.000,839,0,645,0009,12,0e97,000000,00000000,02abc2bc,00090000000c00000e970000000000000002abc2bc
114,4377500.000,842,0,645,0009,12,0eb8,000000,00000000,02abc2bc,00090000000c00000eb80000000000000002abc2bc
115,4392500.000,845,0,645,0009,12,0ed8,000000,00000000,02abc2bc,00090000000c00000ed80000000000000002abc2bc
116,4407500.000,848,0,645,0009,12,0ef9,000000,00000000,02abc2bc,00090000000c00000ef90000000000000002abc2bc
117,4422500.000,851,0,645,0009,12,0f1a,000000,00000000,02abc2bc,00090000000c00000f1a0000000000000002abc2bc
118,4437500.000,854,0,645,0009,12,0f3b,000000,00000000,02abc2bc,00090000000c00000f3b0000000000000002abc2bc
119,4452500.000,857,0,645,0009,12,0f5b,000000,00000000,02abc2bc,00090000000c00000f5b0000000000000002abc2bc
120,4467500.000,860,0,645,0009,12,0f7c,000000,00000000,02abc2bc,00090000000c00000f7c0000000000000002abc2bc
121,4482500.000,863,0,645,0009,12,0f9d,000000,00000000,02abc2bc,00090000000c00000f9d0000000000000002abc2bc
122,4497500.000,866,0,645,0009,12,0fbe,000000,00000000,02abc2bc,00090000000c00000fbe0000000000000002abc2bc
123,4512500.000,869,0,645,0009,12,0fde,000000,00000000,02abc2bc,00090000000c00000fde0000000000000002abc2bc
124,4527500.000,872,0,645,0009,12,0fff,000000,00000000,02abc2bc,00090000000c00000fff0000000000000002abc2bc
125,4542500.000,875,0,645,0009,12,1020,000000,00000000,02abc2bc,00090000000c000010200000000000000002abc2bc
126,4557500.000,878,0,645,0009,12,1041,000000,00000000,02abc2bc,00090000000c000010410000000000000002abc2bc
127,4572500.000,881,0,645,0009,12,1062,000000,00000000,02abc2bc,00090000000c000010620000000000000002abc2bc
128,4587500.000,884,0,645,0009,12,1082,000000,00000000,02abc2bc,00090000000c000010820000000000000002abc2bc
129,4602500.000,887,0,645,0009,12,10a3,000000,00000000,02abc2bc,00090000000c000010a30000000000000002abc2bc
130,4617500.000,890,0,645,0009,12,10c4,000000,00000000,02abc2bc,00090000000c000010c40000000000000002abc2bc
131,4632500.000,893,0,645,0009,12,10e5,000000,00000000,02abc2bc,00090000000c000010e50000000000000002abc2bc
132,4647500.000,896,0,645,0009,12,1105,000000,00000000,02abc2bc,00090000000c000011050000000000000002abc2bc
133,4662500.000,899,0,645,0009,12,1126,000000,00000000,02abc2bc,00090000000c000011260000000000000002abc2bc
134,4677500.000,902,0,645,0009,12,1147,000000,00000000,02abc2bc,00090000000c000011470000000000000002abc2bc
135,4692500.000,905,0,645,0009,12,1168,000000,00000000,02abc2bc,00090000000c000011680000000000000002abc2bc
136,4707500.000,908,0,645,0009,12,1188,000000,00000000,02abc2bc,00090000000c000011880000000000000002abc2bc
137,4722500.000,911,0,645,0009,12,11a9,000000,00000000,02abc2bc,00090000000c000011a90000000000000002abc2bc
138,4737500.000,914,0,645,0009,12,11ca,000000,00000000,02abc2bc,00090000000c000011ca0000000000000002abc2bc
139,4752500.000,917,0,645,0009,12,11eb,000000,00000000,02abc2bc,00090000000c000011eb0000000000000002abc2bc
140,4767500.000,920,0,645,0009,12,120c,000000,00000000,02abc2bc,00090000000c0000120c0000000000000002abc2bc
141,4782500.000,923,0,645,0009,12,122c,000000,00000000,02abc2bc,00090000000c0000122c0000000000000002abc2bc
142,4797500.000,926,0,645,0009,12,124d,000000,00000000,02abc2bc,00090000000c0000124d0000000000000002abc2bc
143,4812500.000,929,0,645,0009,12,126e,000000,00000000,02abc2bc,00090000000c0000126e0000000000000002abc2bc
144,4827500.000,932,0,645,0009,12,128f,000000,00000000,02abc2bc,00090000000c0000128f0000000000000002abc2bc
145,4842500.000,935,0,645,0009,12,12af,000000,00000000,02abc2bc,00090000000c000012af0000000000000002abc2bc
146,4857500.000,938,0,645,0009,12,12d0,000000,00000000,02abc2bc,00090000000c000012d00000000000000002abc2bc
147,4872500.000,941,0,645,0009,12,12f1,000000,00000000,02abc2bc,00090000000c000012f10000000000000002abc2bc
148,4887500.000,944,0,645,0009,12,1312,000000,00000000,02abc2bc,00090000000c000013120000000000000002abc2bc
149,4902500.000,947,0,645,0009,12,1332,000000,00000000,02abc2bc,00090000000c000013320000000000000002abc2bc
150,4917500.000,950,0,645,0009,12,1353,000000,00000000,02abc2bc,00090000000c000013530000000000000002abc2bc
151,4932500.000,953,0,645,0009,12,1374,000000,00000000,02abc2bc,00090000000c000013740000000000000002abc2bc
152,4947500.000,956,0,645,0009,12,1395,000000,00000000,02abc2bc,00090000000c000013950000000000000002abc2bc
153,4962500.000,959,0,645,0009,12,13b5,000000,00000000,02abc2bc,00090000000c000013b50000000000000002abc2bc
154,4977500.000,962,0,645,0009,12,13d6,000000,00000000,02abc2bc,00090000000c000013d60000000000000002abc2bc
155,4992500.000,965,0,645,0009,12,13f7,000000,00000000,02abc2bc,00090000000c000013f70000000000000002abc2bc
156,5007500.000,968,0,645,0009,12,1418,000000,00000000,02abc2bc,00090000000c000014180000000000000002abc2bc
157,5022500.000,971,0,645,0009,12,1439,000000,00000000,02abc2bc,00090000000c000014390000000000000002abc2bc
158,5037500.000,974,0,645,0009,12,1459,000000,00000000,02abc2bc,00090000000c000014590000000000000002abc2bc
159,5052500.000,977,0,645,0009,12,147a,000000,00000000,02abc2bc,00090000000c0000147a0000000000000002abc2bc
160,5067500.000,980,0,645,0009,12,149b,000000,00000000,02abc2bc,00090000000c0000149b0000000000000002abc2bc
161,5082500.000,983,0,645,0009,12,14bc,000000,00000000,02abc2bc,00090000000c000014bc0000000000000002abc2bc
162,5097500.000,986,0,645,0009,12,14dc,000000,00000000,02abc2bc,00090000000c000014dc0000000000000002abc2bc
163,5112500.000,989,0,645,0009,12,14fd,000000,00000000,02abc2bc,00090000000c000014fd0000000000000002abc2bc
164,5127500.000,992,0,645,0009,12,151e,000000,00000000,02abc2bc,00090000000c0000151e0000000000000002abc2bc
165,5142500.000,995,0,645,0009,12,153f,000000,00000000,02abc2bc,00090000000c0000153f0000000000000002abc2bc
166,5157500.000,998,0,645,0009,12,155f,000000,00000000,02abc2bc,00090000000c0000155f0000000000000002abc2bc
167,5172500.000,1001,0,645,0009,12,1580,000000,00000000,02abc2bc,00090000000c000015800000000000000002abc2bc
168,5187500.000,1004,0,645,0009,12,15a1,000000,00000000,02abc2bc,00090000000c000015a10000000000000002abc2bc
169,5202500.000,1007,0,645,0009,12,15c2,000000,00000000,02abc2bc,00090000000c000015c20000000000000002abc2bc
170,5217500.000,1010,0,645,0009,12,15e2,000000,00000000,02abc2bc,00090000000c000015e20000000000000002abc2bc
171,5232500.000,1013,0,645,0009,12,1603,000000,00000000,02abc2bc,00090000000c000016030000000000000002abc2bc
172,5247500.000,1016,0,645,0009,12,1624,000000,00000000,02abc2bc,00090000000c000016240000000000000002abc2bc
173,5262500.000,1019,0,645,0009,12,1645,000000,00000000,02abc2bc,00090000000c000016450000000000000002abc2bc
174,5277500.000,1022,0,645,0009,12,1666,000000,00000000,02abc2bc,00090000000c000016660000000000000002abc2bc
175,5292500.000,1025,0,645,0009,12,1686,000000,00000000,02abc2bc,00090000000c000016860000000000000002abc2bc
176,5307500.000,1028,0,645,0009,12,16a7,000000,00000000,02abc2bc,00090000000c000016a70000000000000002abc2bc
177,5322500.000,1031,0,645,0009,12,16c8,000000,00000000,02abc2bc,00090000000c000016c80000000000000002abc2bc
178,5337500.000,1034,0,645,0009,12,16e9,000000,00000000,02abc2bc,00090000000c000016e90000000000000002abc2bc
179,5352500.000,1037,0,645,0009,12,1709,000000,00000000,02abc2bc,00090000000c000017090000000000000002abc2bc
180,5367500.000,1040,0,645,0009,12,172a,000000,00000000,02abc2bc,00090000000c0000172a0000000000000002abc2bc
181,5382500.000,1043,0,645,0009,12,174b,000000,00000000,02abc2bc,00090000000c0000174b0000000000000002abc2bc
182,5397500.000,1046,0,645,0009,12,176c,000000,00000000,02abc2bc,00090000000c0000176c0000000000000002abc2bc
183,5412500.000,1049,0,645,0009,12,178c,000000,00000000,02abc2bc,00090000000c0000178c0000000000000002abc2bc
184,5427500.000,1052,0,645,0009,12,17ad,000000,00000000,02abc2bc,00090000000c000017ad0000000000000002abc2bc
185,5442500.000,1055,0,645,0009,12,17ce,000000,00000000,02abc2bc,00090000000c000017ce0000000000000002abc2bc
186,5457500.000,1058,0,645,0009,12,17ef,000000,00000000,02abc2bc,00090000000c000017ef0000000000000002abc2bc
187,5472500.000,1061,0,645,0009,12,1810,000000,00000000,02abc2bc,00090000000c000018100000000000000002abc2bc
188,5487500.000,1064,0,645,0009,12,1830,000000,00000000,02abc2bc,00090000000c000018300000000000000002abc2bc
189,5502500.000,1067,0,645,0009,12,1851,000000,00000000,02abc2bc,00090000000c000018510000000000000002abc2bc
190,5517500.000,1070,0,645,0009,12,1872,000000,00000000,02abc2bc,00090000000c000018720000000000000002abc2bc
191,5532500.000,1073,0,645,0009,12,1893,000000,00000000,02abc2bc,00090000000c000018930000000000000002abc2bc
192,5547500.000,1076,0,645,0009,12,18b3,000000,00000000,02abc2bc,00090000000c000018b30000000000000002abc2bc
193,5562500.000,1079,0,645,0009,12,18d4,000000,00000000,02abc2bc,00090000000c000018d40000000000000002abc2bc
194,5577500.000,1082,0,645,0009,12,18f5,000000,00000000,02abc2bc,00090000000c000018f50000000000000002abc2bc
195,5592500.000,1085,0,645,0009,12,1916,000000,00000000,02abc2bc,00090000000c000019160000000000000002abc2bc
196,5607500.000,1088,0,645,0009,12,1936,000000,00000000,02abc2bc,00090000000c000019360000000000000002abc2bc
197,5622500.000,1091,0,645,0009,12,1957,000000,00000000,02abc2bc,00090000000c000019570000000000000002abc2bc
198,5637500.000,1094,0,645,0009,12,1978,000000,00000000,02abc2bc,00090000000c000019780000000000000002abc2bc
199,5652500.000,1097,0,645,0009,12,1999,000000,00000000,02abc2bc,00090000000c000019990000000000000002abc2bc
200,5667500.000,1100,0,645,0009,12,19b9,000000,00000000,02abc2bc,00090000000c000019b90000000000000002abc2bc
201,5682500.000,1103,0,645,0009,12,19da,000000,00000000,02abc2bc,00090000000c000019da0000000000000002abc2bc
202,5697500.000,1106,0,645,0009,12,19fb,000000,00000000,02abc2bc,00090000000c000019fb0000000000000002abc2bc
203,5712500.000,1109,0,645,0009,12,1a1c,000000,00000000,02abc2bc,00090000000c00001a1c0000000000000002abc2bc
204,5727500.000,1112,0,645,0009,12,1a3d,000000,00000000,02abc2bc,00090000000c00001a3d0000000000000002abc2bc
205,5742500.000,1115,0,645,0009,12,1a5d,000000,00000000,02abc2bc,00090000000c00001a5d0000000000000002abc2bc
206,5757500.000,1118,0,645,0009,12,1a7e,000000,00000000,02abc2bc,00090000000c00001a7e0000000000000002abc2bc
207,5772500.000,1121,0,645,0009,12,1a9f,000000,00000000,02abc2bc,00090000000c00001a9f0000000000000002abc2bc
208,5787500.000,1124,0,645,0009,12,1ac0,000000,00000000,02abc2bc,00090000000c00001ac00000000000000002abc2bc
209,5802500.000,1127,0,645,0009,12,1ae0,000000,00000000,02abc2bc,00090000000c00001ae00000000000000002abc2bc
210,5817500.000,1130,0,645,0009,12,1b01,000000,00000000,02abc2bc,00090000000c00001b010000000000000002abc2bc
211,5832500.000,1133,0,645,0009,12,1b22,000000,00000000,02abc2bc,00090000000c00001b220000000000000002abc2bc
212,5847500.000,1136,0,645,0009,12,1b43,000000,00000000,02abc2bc,00090000000c00001b430000000000000002abc2bc
213,5862500.000,1139,0,645,0009,12,1b63,000000,00000000,02abc2bc,00090000000c00001b630000000000000002abc2bc
214,5877500.000,1142,0,645,0009,12,1b84,000000,00000000,02abc2bc,00090000000c00001b840000000000000002abc2bc
215,5892500.000,1145,0,645,0009,12,1ba5,000000,00000000,02abc2bc,00090000000c00001ba50000000000000002abc2bc
216,5907500.000,1148,0,645,0009,12,1bc6,000000,00000000,02abc2bc,00090000000c00001bc60000000000000002abc2bc
217,5922500.000,1151,0,645,0009,12,1be6,000000,00000000,02abc2bc,00090000000c00001be60000000000000002abc2bc
218,5937500.000,1154,0,645,0009,12,1c07,000000,00000000,02abc2bc,00090000000c00001c070000000000000002abc2bc
219,5952500.000,1157,0,645,0009,12,1c28,000000,00000000,02abc2bc,00090000000c00001c280000000000000002abc2bc
220,5967500.000,1160,0,645,0009,12,1c49,000000,00000000,02abc2bc,00090000000c00001c490000000000000002abc2bc
221,5982500.000,1163,0,645,0009,12,1c6a,000000,00000000,02abc2bc,00090000000c00001c6a0000000000000002abc2bc
222,5997500.000,1166,0,645,0009,12,1c8a,000000,00000000,02abc2bc,00090000000c00001c8a0000000000000002abc2bc
223,6012500.000,1169,0,645,0009,12,1cab,000000,00000000,02abc2bc,00090000000c00001cab0000000000000002abc2bc
224,6027500.000,1172,0,645,0009,12,1ccc,000000,00000000,02abc2bc,00090000000c00001ccc0000000000000002abc2bc
225,6042500.000,1175,0,645,0009,12,1ced,000000,00000000,02abc2bc,00090000000c00001ced0000000000000002abc2bc
226,6057500.000,1178,0,645,0009,12,1d0d,000000,00000000,02abc2bc,00090000000c00001d0d0000000000000002abc2bc
227,6072500.000,1181,0,645,0009,12,1d2e,000000,00000000,02abc2bc,00090000000c00001d2e0000000000000002abc2bc
228,6087500.000,1184,0,645,0009,12,1d4f,000000,00000000,02abc2bc,00090000000c00001d4f0000000000000002abc2bc
229,6102500.000,1187,0,645,0009,12,1d70,000000,00000000,02abc2bc,00090000000c00001d700000000000000002abc2bc
230,6117500.000,1190,0,645,0009,12,1d90,000000,00000000,02abc2bc,00090000000c00001d900000000000000002abc2bc
231,6132500.000,1193,0,645,0009,12,1db1,000000,00000000,02abc2bc,00090000000c00001db10000000000000002abc2bc
232,6147500.000,1196,0,645,0009,12,1dd2,000000,00000000,02abc2bc,00090000000c00001dd20000000000000002abc2bc
233,6162500.000,1199,0,645,0009,12,1df3,000000,00000000,02abc2bc,00090000000c00001df30000000000000002abc2bc
234,6177500.000,1202,0,645,0009,12,1e14,000000,00000000,02abc2bc,00090000000c00001e140000000000000002abc2bc
235,6192500.000,1205,0,645,0009,12,1e34,000000,00000000,02abc2bc,00090000000c00001e340000000000000002abc2bc
236,6207500.000,1208,0,645,0009,12,1e55,000000,00000000,02abc2bc,00090000000c00001e550000000000000002abc2bc
237,6222500.000,1211,0,645,0009,12,1e76,000000,00000000,02abc2bc,00090000000c00001e760000000000000002abc2bc
238,6237500.000,1214,0,645,0009,12,1e97,000000,00000000,02abc2bc,00090000000c00001e970000000000000002abc2bc
239,6252500.000,1217,0,645,0009,12,1eb7,000000,00000000,02abc2bc,00090000000c00001eb70000000000000002abc2bc
240,6267500.000,1220,0,645,0009,12,1ed8,000000,00000000,02abc2bc,00090000000c00001ed80000000000000002abc2bc
241,6282500.000,1223,0,645,0009,12,1ef9,000000,00000000,02abc2bc,00090000000c00001ef90000000000000002abc2bc
242,6297500.000,1226,0,645,0009,12,1f1a,000000,00000000,02abc2bc,00090000000c00001f1a0000000000000002abc2bc
243,6312500.000,1229,0,645,0009,12,1f3a,000000,00000000,02abc2bc,00090000000c00001f3a0000000000000002abc2bc
244,6327500.000,1232,0,645,0009,12,1f5b,000000,00000000,02abc2bc,00090000000c00001f5b0000000000000002abc2bc
245,6342500.000,1235,0,645,0009,12,1f7c,000000,00000000,02abc2bc,00090000000c00001f7c0000000000000002abc2bc
246,6357500.000,1238,0,645,0009,12,1f9d,000000,00000000,02abc2bc,00090000000c00001f9d0000000000000002abc2bc
247,6372500.000,1241,0,645,0009,12,1fbd,000000,00000000,02abc2bc,00090000000c00001fbd0000000000000002abc2bc
248,6387500.000,1244,0,645,0009,12,1fde,000000,00000000,02abc2bc,00090000000c00001fde0000000000000002abc2bc
249,6402500.000,1247,0,645,0009,12,1fff,000000,00000000,02abc2bc,00090000000c00001fff0000000000000002abc2bc
250,6417500.000,1250,0,645,0009,12,2020,000000,00000000,02abc2bc,00090000000c000020200000000000000002abc2bc
251,6432500.000,1253,0,645,0009,12,2041,000000,00000000,02abc2bc,00090000000c000020410000000000000002abc2bc
252,6447500.000,1256,0,645,0009,12,2061,000000,00000000,02abc2bc,00090000000c000020610000000000000002abc2bc
253,6462500.000,1259,0,645,0009,12,2082,000000,00000000,02abc2bc,00090000000c000020820000000000000002abc2bc
254,6477500.000,1262,0,645,0009,12,20a3,000000,00000000,02abc2bc,00090000000c000020a30000000000000002abc2bc
255,6492500.000,1265,0,645,0009,12,20c4,000000,00000000,02abc2bc,00090000000c000020c40000000000000002abc2bc
256,6507500.000,1268,0,645,0009,12,20e4,000000,00000000,02abc2bc,00090000000c000020e40000000000000002abc2bc
257,6522500.000,1271,0,645,0009,12,2105,000000,00000000,02abc2bc,00090000000c000021050000000000000002abc2bc
258,6537500.000,1274,0,645,0009,12,2126,000000,00000000,02abc2bc,00090000000c000021260000000000000002abc2bc
259,6552500.000,1277,0,645,0009,12,2147,000000,00000000,02abc2bc,00090000000c000021470000000000000002abc2bc
260,6567500.000,1280,0,645,0009,12,2167,000000,00000000,02abc2bc,00090000000c000021670000000000000002abc2bc
261,6582500.000,1283,0,645,0009,12,2188,000000,00000000,02abc2bc,00090000000c000021880000000000000002abc2bc
262,6597500.000,1286,0,645,0009,12,21a9,000000,00000000,02abc2bc,00090000000c000021a90000000000000002abc2bc
263,6612500.000,1289,0,645,0009,12,21ca,000000,00000000,02abc2bc,00090000000c000021ca0000000000000002abc2bc
264,6627500.000,1292,0,645,0009,12,21ea,000000,00000000,02abc2bc,00090000000c000021ea0000000000000002abc2bc
265,6642500.000,1295,0,645,0009,12,220b,000000,00000000,02abc2bc,00090000000c0000220b0000000000000002abc2bc
266,6657500.000,1298,0,645,0009,12,222c,000000,00000000,02abc2bc,00090000000c0000222c0000000000000002abc2bc
267,6672500.000,1301,0,645,0009,12,224d,000000,00000000,02abc2bc,00090000000c0000224d0000000000000002abc2bc
268,6687500.000,1304,0,645,0009,12,226e,000000,00000000,02abc2bc,00090000000c0000226e0000000000000002abc2bc
269,6702500.000,1307,0,645,0009,12,228e,000000,00000000,02abc2bc,00090000000c0000228e0000000000000002abc2bc
270,6717500.000,1310,0,645,0009,12,22af,000000,00000000,02abc2bc,00090000000c000022af0000000000000002abc2bc
271,6732500.000,1313,0,645,0009,12,22d0,000000,00000000,02abc2bc,00090000000c000022d00000000000000002abc2bc
272,6747500.000,1316,0,645,0009,12,22f1,000000,00000000,02abc2bc,00090000000c000022f10000000000000002abc2bc
273,6762500.000,1319,0,645,0009,12,2311,000000,00000000,02abc2bc,00090000000c000023110000000000000002abc2bc
274,6777500.000,1322,0,645,0009,12,2332,000000,00000000,02abc2bc,00090000000c000023320000000000000002abc2bc
275,6792500.000,1325,0,645,0009,12,2353,000000,00000000,02abc2bc,00090000000c000023530000000000000002abc2bc
276,6807500.000,1328,0,645,0009,12,2374,000000,00000000,02abc2bc,00090000000c000023740000000000000002abc2bc
277,6822500.000,1331,0,645,0009,12,2394,000000,00000000,02abc2bc,00090000000c000023940000000000000002abc2bc
278,6837500.000,1334,0,645,0009,12,23b5,000000,00000000,02abc2bc,00090000000c000023b50000000000000002abc2bc
279,6852500.000,1337,0,645,0009,12,23d6,000000,00000000,02abc2bc,00090000000c000023d60000000000000002abc2bc
280,6867500.000,1340,0,645,0009,12,23f7,000000,00000000,02abc2bc,00090000000c000023f70000000000000002abc2bc
281,6882500.000,1343,0,645,0009,12,2418,000000,00000000,02abc2bc,00090000000c000024180000000000000002abc2bc
282,6897500.000,1346,0,645,0009,12,2438,000000,00000000,02abc2bc,00090000000c000024380000000000000002abc2bc
283,6912500.000,1349,0,645,0009,12,2459,000000,00000000,02abc2bc,00090000000c000024590000000000000002abc2bc
284,6927500.000,1352,0,645,0009,12,247a,000000,00000000,02abc2bc,00090000000c0000247a0000000000000002abc2bc
285,6942500.000,1355,0,645,0009,12,249b,000000,00000000,02abc2bc,00090000000c0000249b0000000000000002abc2bc
286,6957500.000,1358,0,645,0009,12,24bb,000000,00000000,02abc2bc,00090000000c000024bb0000000000000002abc2bc
287,6972500.000,1361,0,645,0009,12,24dc,000000,00000000,02abc2bc,00090000000c000024dc0000000000000002abc2bc
288,6987500.000,1364,0,645,0009,12,24fd,000000,00000000,02abc2bc,00090000000c000024fd0000000000000002abc2bc
289,7002500.000,1367,0,645,0009,12,251e,000000,00000000,02abc2bc,00090000000c0000251e0000000000000002abc2bc
290,7017500.000,1370,0,645,0009,12,253e,000000,00000000,02abc2bc,00090000000c0000253e0000000000000002abc2bc
291,7032500.000,1373,0,645,0009,12,255f,000000,00000000,02abc2bc,00090000000c0000255f0000000000000002abc2bc
292,7047500.000,1376,0,645,0009,12,2580,000000,00000000,02abc2bc,00090000000c000025800000000000000002abc2bc
293,7062500.000,1379,0,645,0009,12,25a1,000000,00000000,02abc2bc,00090000000c000025a10000000000000002abc2bc
294,7077500.000,1382,0,645,0009,12,25c1,000000,00000000,02abc2bc,00090000000c000025c10000000000000002abc2bc
295,7092500.000,1385,0,645,0009,12,25e2,000000,00000000,02abc2bc,00090000000c000025e20000000000000002abc2bc
296,7107500.000,1388,0,645,0009,12,2603,000000,00000000,02abc2bc,00090000000c000026030000000000000002abc2bc
297,7122500.000,1391,0,645,0009,12,2624,000000,00000000,02abc2bc,00090000000c000026240000000000000002abc2bc
298,7137500.000,1394,0,645,0009,12,2645,000000,00000000,02abc2bc,00090000000c000026450000000000000002abc2bc
299,7152500.000,1397,0,645,0009,12,2665,000000,00000000,02abc2bc,00090000000c000026650000000000000002abc2bc
