edge_time_ns,t_time_abs_o,wave_pop[0],wave_pop_r[0],m0 tvalid,m0 tready,m0 tdata gain,CDC fifo_full
4749.094,935,0,0,0,1,0,0
4751.418,936,1,0,0,1,831,0
4753.742,937,0,1,1,1,831,0
4756.066,938,0,0,0,1,831,0
4758.390,939,0,0,0,1,0,0
4760.714,940,1,0,0,1,851,0
4763.038,941,0,1,1,0,851,1
4765.362,942,0,0,1,0,851,1
4767.686,943,0,0,1,0,0,1
4770.010,944,0,0,1,0,872,1
4772.334,945,0,0,1,0,872,1
4774.658,946,0,0,1,0,872,1
4776.982,947,0,0,1,0,872,1
4779.306,948,0,0,1,0,872,1
4781.630,949,1,0,1,1,872,0
4783.954,950,0,1,1,0,872,1
