edge_time_ns,CDC rptr,CDC wptr_c,CDC empty,CDC rd_en,CDC dob gain,sgt0 tvalid,sgt0 tready,sgt0 tdata gain,SGv6 fifo_full
4372.847,12,13,0,1,3b6,1,1,3b6,0
4374.516,13,13,1,0,3b6,0,0,3b6,1
4376.185,13,13,1,1,3b6,0,1,3b6,0
4377.855,13,13,1,1,3d6,0,1,3d6,0
4379.524,13,13,1,1,3d6,0,1,3d6,0
4381.193,13,14,0,1,3d6,1,1,3d6,0
4382.863,14,14,1,0,3d6,0,0,3d6,1
4384.532,14,14,1,0,3d6,0,0,3d6,1
4386.201,14,14,1,0,3d6,0,0,3d6,1
4387.871,14,14,1,0,3d6,0,0,3d6,1
4389.540,14,14,1,0,3d6,0,0,3d6,1
4391.209,14,15,0,0,3d6,1,0,3d6,1
4392.879,14,15,0,0,3d6,1,0,3d6,1
4394.548,14,15,0,0,3d6,1,0,3d6,1
4396.217,14,15,0,1,3d6,1,1,3d6,0
4397.887,15,15,1,0,3f7,0,0,3f7,1
4399.556,15,0,0,0,3f7,1,0,3f7,1
