seq,sim_time,cyc,time,rst,addr,data
0,282345,28217,28216,0,0x4100,0x71a7
1,282415,28224,28223,0,0x4,0x7080000
2,282485,28231,28230,0,0x10,0x0
3,282555,28238,28237,0,0x14,0x210000
4,282625,28245,28244,0,0x18,0xa0000
5,282695,28252,28251,0,0x1c,0xc0000
6,282755,28258,28257,0,0x0,0x0
7,282835,28266,28265,0,0x4100,0x71a7
8,282905,28273,28272,0,0x4,0x7080000
9,282975,28280,28279,0,0x20,0x0
10,283045,28287,28286,0,0x24,0x420000
11,283115,28294,28293,0,0x28,0xa0000
12,283185,28301,28300,0,0x2c,0xc0000
13,283245,28307,28306,0,0x0,0x1
14,283325,28315,28314,0,0x4100,0x71a7
15,283395,28322,28321,0,0x4,0x7080000
16,283465,28329,28328,0,0x30,0x0
17,283535,28336,28335,0,0x34,0x620000
18,283605,28343,28342,0,0x38,0xa0000
19,283675,28350,28349,0,0x3c,0xc0000
20,283735,28356,28355,0,0x0,0x2
21,283815,28364,28363,0,0x4100,0x71a7
22,283885,28371,28370,0,0x4,0x7080000
23,283955,28378,28377,0,0x40,0x0
24,284025,28385,28384,0,0x44,0x830000
25,284095,28392,28391,0,0x48,0xa0000
26,284165,28399,28398,0,0x4c,0xc0000
27,284225,28405,28404,0,0x0,0x3
28,284305,28413,28412,0,0x4100,0x71a7
29,284375,28420,28419,0,0x4,0x7080000
30,284445,28427,28426,0,0x50,0x0
31,284515,28434,28433,0,0x54,0xa40000
32,284585,28441,28440,0,0x58,0xa0000
33,284655,28448,28447,0,0x5c,0xc0000
34,284715,28454,28453,0,0x0,0x4
