time_ps,I,Q
19825000.000,0,0
19835000.000,0,0
19865000.000,0,0
19875000.000,0,0
19905000.000,0,0
19915000.000,0,0
19945000.000,0,0
19955000.000,0,0
19985000.000,0,0
19995000.000,0,0
20025000.000,0,0
20035000.000,0,0
20065000.000,0,0
20075000.000,0,0
20105000.000,0,0
20115000.000,0,0
20145000.000,0,0
20155000.000,0,0
20185000.000,0,0
20195000.000,0,0
20225000.000,0,0
20235000.000,0,0
20265000.000,0,0
20275000.000,0,0
20305000.000,0,0
20315000.000,0,0
20345000.000,0,0
20355000.000,0,0
20385000.000,0,0
20395000.000,0,0
20425000.000,0,0
20435000.000,0,0
20465000.000,0,0
20475000.000,0,0
20505000.000,0,0
20515000.000,0,0
20545000.000,0,0
20555000.000,0,0
20585000.000,0,0
20595000.000,0,0
20625000.000,0,0
20635000.000,0,0
20665000.000,0,0
20675000.000,0,0
20705000.000,0,0
20715000.000,0,0
20745000.000,0,0
20755000.000,0,0
20785000.000,0,0
20795000.000,0,0
20825000.000,0,0
20835000.000,0,0
20865000.000,0,0
20875000.000,0,0
20905000.000,0,0
20915000.000,0,0
20945000.000,0,0
20955000.000,0,0
20985000.000,0,0
20995000.000,0,0
21025000.000,0,0
21035000.000,0,0
21065000.000,0,0
21075000.000,0,0
21105000.000,0,0
21115000.000,0,0
21145000.000,0,0
21155000.000,0,0
21185000.000,0,0
21195000.000,0,0
21225000.000,0,0
21235000.000,0,0
21265000.000,0,0
21275000.000,0,0
21305000.000,0,0
21315000.000,0,0
21345000.000,0,0
21355000.000,0,0
21385000.000,0,0
21395000.000,0,0
21425000.000,0,0
21435000.000,0,0
21465000.000,0,0
21475000.000,0,0
21505000.000,0,0
21515000.000,0,0
21545000.000,0,0
21555000.000,0,0
21585000.000,0,0
21595000.000,0,0
21625000.000,0,0
21635000.000,0,0
21665000.000,0,0
21675000.000,0,0
21705000.000,0,0
21715000.000,0,0
21745000.000,0,0
21755000.000,0,0
21785000.000,0,0
21795000.000,0,0
21825000.000,0,0
21835000.000,0,0
21865000.000,0,0
21875000.000,0,0
21905000.000,0,0
21915000.000,0,0
21945000.000,0,0
21955000.000,0,0
21985000.000,0,0
21995000.000,0,0
22025000.000,0,0
22035000.000,0,0
22065000.000,0,0
22075000.000,0,0
22105000.000,0,0
22115000.000,0,0
22145000.000,0,0
22155000.000,0,0
22185000.000,0,0
22195000.000,0,0
22225000.000,0,0
22235000.000,0,0
22265000.000,0,0
22275000.000,0,0
22305000.000,0,0
22315000.000,0,0
22345000.000,0,0
22355000.000,0,0
22385000.000,0,0
22395000.000,0,0
22425000.000,0,0
22435000.000,0,0
22465000.000,0,0
22475000.000,0,0
22505000.000,0,0
22515000.000,0,0
22545000.000,0,0
22555000.000,0,0
22585000.000,0,0
22595000.000,0,0
22625000.000,0,0
22635000.000,0,0
22665000.000,0,0
22675000.000,0,0
22705000.000,0,0
22715000.000,0,0
22745000.000,0,0
22755000.000,0,0
22785000.000,0,0
22795000.000,0,0
22825000.000,0,0
22835000.000,0,0
22865000.000,0,0
22875000.000,0,0
