seq,raw168,conf,len,gain,env,phase,freq
0,00090000000c000000200000000000000002abc2bc,0009,0000000c,00000020,000000,00000000,02abc2bc
1,00090000000c000000410000000000000002abc2bc,0009,0000000c,00000041,000000,00000000,02abc2bc
2,00090000000c000000620000000000000002abc2bc,0009,0000000c,00000062,000000,00000000,02abc2bc
3,00090000000c000000830000000000000002abc2bc,0009,0000000c,00000083,000000,00000000,02abc2bc
4,00090000000c000000a30000000000000002abc2bc,0009,0000000c,000000a3,000000,00000000,02abc2bc
5,00090000000c000000c40000000000000002abc2bc,0009,0000000c,000000c4,000000,00000000,02abc2bc
6,00090000000c000000e50000000000000002abc2bc,0009,0000000c,000000e5,000000,00000000,02abc2bc
7,00090000000c000001060000000000000002abc2bc,0009,0000000c,00000106,000000,00000000,02abc2bc
8,00090000000c000001260000000000000002abc2bc,0009,0000000c,00000126,000000,00000000,02abc2bc
9,00090000000c000001470000000000000002abc2bc,0009,0000000c,00000147,000000,00000000,02abc2bc
10,00090000000c000001680000000000000002abc2bc,0009,0000000c,00000168,000000,00000000,02abc2bc
11,00090000000c000001890000000000000002abc2bc,0009,0000000c,00000189,000000,00000000,02abc2bc
12,00090000000c000001a90000000000000002abc2bc,0009,0000000c,000001a9,000000,00000000,02abc2bc
13,00090000000c000001ca0000000000000002abc2bc,0009,0000000c,000001ca,000000,00000000,02abc2bc
14,00090000000c000001eb0000000000000002abc2bc,0009,0000000c,000001eb,000000,00000000,02abc2bc
15,00090000000c0000020c0000000000000002abc2bc,0009,0000000c,0000020c,000000,00000000,02abc2bc
16,00090000000c0000022d0000000000000002abc2bc,0009,0000000c,0000022d,000000,00000000,02abc2bc
17,00090000000c0000024d0000000000000002abc2bc,0009,0000000c,0000024d,000000,00000000,02abc2bc
18,00090000000c0000026e0000000000000002abc2bc,0009,0000000c,0000026e,000000,00000000,02abc2bc
19,00090000000c0000028f0000000000000002abc2bc,0009,0000000c,0000028f,000000,00000000,02abc2bc
20,00090000000c000002b00000000000000002abc2bc,0009,0000000c,000002b0,000000,00000000,02abc2bc
21,00090000000c000002d00000000000000002abc2bc,0009,0000000c,000002d0,000000,00000000,02abc2bc
22,00090000000c000002f10000000000000002abc2bc,0009,0000000c,000002f1,000000,00000000,02abc2bc
23,00090000000c000003120000000000000002abc2bc,0009,0000000c,00000312,000000,00000000,02abc2bc
24,00090000000c000003330000000000000002abc2bc,0009,0000000c,00000333,000000,00000000,02abc2bc
25,00090000000c000003530000000000000002abc2bc,0009,0000000c,00000353,000000,00000000,02abc2bc
26,00090000000c000003740000000000000002abc2bc,0009,0000000c,00000374,000000,00000000,02abc2bc
27,00090000000c000003950000000000000002abc2bc,0009,0000000c,00000395,000000,00000000,02abc2bc
28,00090000000c000003b60000000000000002abc2bc,0009,0000000c,000003b6,000000,00000000,02abc2bc
29,00090000000c000003d60000000000000002abc2bc,0009,0000000c,000003d6,000000,00000000,02abc2bc
30,00090000000c000003f70000000000000002abc2bc,0009,0000000c,000003f7,000000,00000000,02abc2bc
31,00090000000c000004180000000000000002abc2bc,0009,0000000c,00000418,000000,00000000,02abc2bc
32,00090000000c000004390000000000000002abc2bc,0009,0000000c,00000439,000000,00000000,02abc2bc
33,00090000000c0000045a0000000000000002abc2bc,0009,0000000c,0000045a,000000,00000000,02abc2bc
34,00090000000c0000047a0000000000000002abc2bc,0009,0000000c,0000047a,000000,00000000,02abc2bc
35,00090000000c0000049b0000000000000002abc2bc,0009,0000000c,0000049b,000000,00000000,02abc2bc
36,00090000000c000004bc0000000000000002abc2bc,0009,0000000c,000004bc,000000,00000000,02abc2bc
37,00090000000c000004dd0000000000000002abc2bc,0009,0000000c,000004dd,000000,00000000,02abc2bc
38,00090000000c000004fd0000000000000002abc2bc,0009,0000000c,000004fd,000000,00000000,02abc2bc
39,00090000000c0000051e0000000000000002abc2bc,0009,0000000c,0000051e,000000,00000000,02abc2bc
40,00090000000c0000053f0000000000000002abc2bc,0009,0000000c,0000053f,000000,00000000,02abc2bc
41,00090000000c000005600000000000000002abc2bc,0009,0000000c,00000560,000000,00000000,02abc2bc
42,00090000000c000005800000000000000002abc2bc,0009,0000000c,00000580,000000,00000000,02abc2bc
43,00090000000c000005a10000000000000002abc2bc,0009,0000000c,000005a1,000000,00000000,02abc2bc
44,00090000000c000005c20000000000000002abc2bc,0009,0000000c,000005c2,000000,00000000,02abc2bc
45,00090000000c000005e30000000000000002abc2bc,0009,0000000c,000005e3,000000,00000000,02abc2bc
46,00090000000c000006040000000000000002abc2bc,0009,0000000c,00000604,000000,00000000,02abc2bc
47,00090000000c000006240000000000000002abc2bc,0009,0000000c,00000624,000000,00000000,02abc2bc
48,00090000000c000006450000000000000002abc2bc,0009,0000000c,00000645,000000,00000000,02abc2bc
49,00090000000c000006660000000000000002abc2bc,0009,0000000c,00000666,000000,00000000,02abc2bc
50,00090000000c000006870000000000000002abc2bc,0009,0000000c,00000687,000000,00000000,02abc2bc
51,00090000000c000006a70000000000000002abc2bc,0009,0000000c,000006a7,000000,00000000,02abc2bc
52,00090000000c000006c80000000000000002abc2bc,0009,0000000c,000006c8,000000,00000000,02abc2bc
53,00090000000c000006e90000000000000002abc2bc,0009,0000000c,000006e9,000000,00000000,02abc2bc
54,00090000000c0000070a0000000000000002abc2bc,0009,0000000c,0000070a,000000,00000000,02abc2bc
55,00090000000c0000072a0000000000000002abc2bc,0009,0000000c,0000072a,000000,00000000,02abc2bc
56,00090000000c0000074b0000000000000002abc2bc,0009,0000000c,0000074b,000000,00000000,02abc2bc
57,00090000000c0000076c0000000000000002abc2bc,0009,0000000c,0000076c,000000,00000000,02abc2bc
58,00090000000c0000078d0000000000000002abc2bc,0009,0000000c,0000078d,000000,00000000,02abc2bc
59,00090000000c000007ad0000000000000002abc2bc,0009,0000000c,000007ad,000000,00000000,02abc2bc
60,00090000000c000007ce0000000000000002abc2bc,0009,0000000c,000007ce,000000,00000000,02abc2bc
61,00090000000c000007ef0000000000000002abc2bc,0009,0000000c,000007ef,000000,00000000,02abc2bc
62,00090000000c000008100000000000000002abc2bc,0009,0000000c,00000810,000000,00000000,02abc2bc
63,00090000000c000008310000000000000002abc2bc,0009,0000000c,00000831,000000,00000000,02abc2bc
64,00090000000c000008720000000000000002abc2bc,0009,0000000c,00000872,000000,00000000,02abc2bc
65,00090000000c000008930000000000000002abc2bc,0009,0000000c,00000893,000000,00000000,02abc2bc
66,00090000000c000008b40000000000000002abc2bc,0009,0000000c,000008b4,000000,00000000,02abc2bc
67,00090000000c000008d40000000000000002abc2bc,0009,0000000c,000008d4,000000,00000000,02abc2bc
68,00090000000c000008f50000000000000002abc2bc,0009,0000000c,000008f5,000000,00000000,02abc2bc
69,00090000000c000009160000000000000002abc2bc,0009,0000000c,00000916,000000,00000000,02abc2bc
70,00090000000c000009370000000000000002abc2bc,0009,0000000c,00000937,000000,00000000,02abc2bc
71,00090000000c000009570000000000000002abc2bc,0009,0000000c,00000957,000000,00000000,02abc2bc
72,00090000000c000009780000000000000002abc2bc,0009,0000000c,00000978,000000,00000000,02abc2bc
73,00090000000c000009990000000000000002abc2bc,0009,0000000c,00000999,000000,00000000,02abc2bc
74,00090000000c000009ba0000000000000002abc2bc,0009,0000000c,000009ba,000000,00000000,02abc2bc
75,00090000000c000009da0000000000000002abc2bc,0009,0000000c,000009da,000000,00000000,02abc2bc
76,00090000000c000009fb0000000000000002abc2bc,0009,0000000c,000009fb,000000,00000000,02abc2bc
77,00090000000c00000a1c0000000000000002abc2bc,0009,0000000c,00000a1c,000000,00000000,02abc2bc
78,00090000000c00000a3d0000000000000002abc2bc,0009,0000000c,00000a3d,000000,00000000,02abc2bc
79,00090000000c00000a3d0000000000000002abc2bc,0009,0000000c,00000a3d,000000,00000000,02abc2bc
80,00090000000c00000a5e0000000000000002abc2bc,0009,0000000c,00000a5e,000000,00000000,02abc2bc
81,00090000000c00000a7e0000000000000002abc2bc,0009,0000000c,00000a7e,000000,00000000,02abc2bc
82,00090000000c00000a9f0000000000000002abc2bc,0009,0000000c,00000a9f,000000,00000000,02abc2bc
83,00090000000c00000ac00000000000000002abc2bc,0009,0000000c,00000ac0,000000,00000000,02abc2bc
84,00090000000c00000ae10000000000000002abc2bc,0009,0000000c,00000ae1,000000,00000000,02abc2bc
85,00090000000c00000b010000000000000002abc2bc,0009,0000000c,00000b01,000000,00000000,02abc2bc
86,00090000000c00000b220000000000000002abc2bc,0009,0000000c,00000b22,000000,00000000,02abc2bc
87,00090000000c00000b430000000000000002abc2bc,0009,0000000c,00000b43,000000,00000000,02abc2bc
88,00090000000c00000b640000000000000002abc2bc,0009,0000000c,00000b64,000000,00000000,02abc2bc
89,00090000000c00000b840000000000000002abc2bc,0009,0000000c,00000b84,000000,00000000,02abc2bc
90,00090000000c00000ba50000000000000002abc2bc,0009,0000000c,00000ba5,000000,00000000,02abc2bc
91,00090000000c00000bc60000000000000002abc2bc,0009,0000000c,00000bc6,000000,00000000,02abc2bc
92,00090000000c00000be70000000000000002abc2bc,0009,0000000c,00000be7,000000,00000000,02abc2bc
93,00090000000c00000c080000000000000002abc2bc,0009,0000000c,00000c08,000000,00000000,02abc2bc
94,00090000000c00000c280000000000000002abc2bc,0009,0000000c,00000c28,000000,00000000,02abc2bc
95,00090000000c00000c490000000000000002abc2bc,0009,0000000c,00000c49,000000,00000000,02abc2bc
96,00090000000c00000c6a0000000000000002abc2bc,0009,0000000c,00000c6a,000000,00000000,02abc2bc
97,00090000000c00000c8b0000000000000002abc2bc,0009,0000000c,00000c8b,000000,00000000,02abc2bc
98,00090000000c00000cab0000000000000002abc2bc,0009,0000000c,00000cab,000000,00000000,02abc2bc
99,00090000000c00000ccc0000000000000002abc2bc,0009,0000000c,00000ccc,000000,00000000,02abc2bc
100,00090000000c00000ced0000000000000002abc2bc,0009,0000000c,00000ced,000000,00000000,02abc2bc
101,00090000000c00000d0e0000000000000002abc2bc,0009,0000000c,00000d0e,000000,00000000,02abc2bc
102,00090000000c00000d2e0000000000000002abc2bc,0009,0000000c,00000d2e,000000,00000000,02abc2bc
103,00090000000c00000d4f0000000000000002abc2bc,0009,0000000c,00000d4f,000000,00000000,02abc2bc
104,00090000000c00000d700000000000000002abc2bc,0009,0000000c,00000d70,000000,00000000,02abc2bc
105,00090000000c00000d910000000000000002abc2bc,0009,0000000c,00000d91,000000,00000000,02abc2bc
106,00090000000c00000db10000000000000002abc2bc,0009,0000000c,00000db1,000000,00000000,02abc2bc
107,00090000000c00000dd20000000000000002abc2bc,0009,0000000c,00000dd2,000000,00000000,02abc2bc
108,00090000000c00000df30000000000000002abc2bc,0009,0000000c,00000df3,000000,00000000,02abc2bc
109,00090000000c00000e140000000000000002abc2bc,0009,0000000c,00000e14,000000,00000000,02abc2bc
110,00090000000c00000e350000000000000002abc2bc,0009,0000000c,00000e35,000000,00000000,02abc2bc
111,00090000000c00000e550000000000000002abc2bc,0009,0000000c,00000e55,000000,00000000,02abc2bc
112,00090000000c00000e970000000000000002abc2bc,0009,0000000c,00000e97,000000,00000000,02abc2bc
113,00090000000c00000eb80000000000000002abc2bc,0009,0000000c,00000eb8,000000,00000000,02abc2bc
114,00090000000c00000ed80000000000000002abc2bc,0009,0000000c,00000ed8,000000,00000000,02abc2bc
115,00090000000c00000ef90000000000000002abc2bc,0009,0000000c,00000ef9,000000,00000000,02abc2bc
116,00090000000c00000f1a0000000000000002abc2bc,0009,0000000c,00000f1a,000000,00000000,02abc2bc
117,00090000000c00000f3b0000000000000002abc2bc,0009,0000000c,00000f3b,000000,00000000,02abc2bc
118,00090000000c00000f5b0000000000000002abc2bc,0009,0000000c,00000f5b,000000,00000000,02abc2bc
119,00090000000c00000f7c0000000000000002abc2bc,0009,0000000c,00000f7c,000000,00000000,02abc2bc
120,00090000000c00000f9d0000000000000002abc2bc,0009,0000000c,00000f9d,000000,00000000,02abc2bc
121,00090000000c00000fbe0000000000000002abc2bc,0009,0000000c,00000fbe,000000,00000000,02abc2bc
122,00090000000c00000fde0000000000000002abc2bc,0009,0000000c,00000fde,000000,00000000,02abc2bc
123,00090000000c00000fff0000000000000002abc2bc,0009,0000000c,00000fff,000000,00000000,02abc2bc
124,00090000000c000010200000000000000002abc2bc,0009,0000000c,00001020,000000,00000000,02abc2bc
125,00090000000c000010410000000000000002abc2bc,0009,0000000c,00001041,000000,00000000,02abc2bc
126,00090000000c000010620000000000000002abc2bc,0009,0000000c,00001062,000000,00000000,02abc2bc
127,00090000000c000010620000000000000002abc2bc,0009,0000000c,00001062,000000,00000000,02abc2bc
128,00090000000c000010820000000000000002abc2bc,0009,0000000c,00001082,000000,00000000,02abc2bc
129,00090000000c000010a30000000000000002abc2bc,0009,0000000c,000010a3,000000,00000000,02abc2bc
130,00090000000c000010c40000000000000002abc2bc,0009,0000000c,000010c4,000000,00000000,02abc2bc
131,00090000000c000010e50000000000000002abc2bc,0009,0000000c,000010e5,000000,00000000,02abc2bc
132,00090000000c000011050000000000000002abc2bc,0009,0000000c,00001105,000000,00000000,02abc2bc
133,00090000000c000011260000000000000002abc2bc,0009,0000000c,00001126,000000,00000000,02abc2bc
134,00090000000c000011470000000000000002abc2bc,0009,0000000c,00001147,000000,00000000,02abc2bc
135,00090000000c000011680000000000000002abc2bc,0009,0000000c,00001168,000000,00000000,02abc2bc
136,00090000000c000011880000000000000002abc2bc,0009,0000000c,00001188,000000,00000000,02abc2bc
137,00090000000c000011a90000000000000002abc2bc,0009,0000000c,000011a9,000000,00000000,02abc2bc
138,00090000000c000011ca0000000000000002abc2bc,0009,0000000c,000011ca,000000,00000000,02abc2bc
139,00090000000c000011eb0000000000000002abc2bc,0009,0000000c,000011eb,000000,00000000,02abc2bc
140,00090000000c0000120c0000000000000002abc2bc,0009,0000000c,0000120c,000000,00000000,02abc2bc
141,00090000000c0000122c0000000000000002abc2bc,0009,0000000c,0000122c,000000,00000000,02abc2bc
142,00090000000c0000124d0000000000000002abc2bc,0009,0000000c,0000124d,000000,00000000,02abc2bc
143,00090000000c0000126e0000000000000002abc2bc,0009,0000000c,0000126e,000000,00000000,02abc2bc
144,00090000000c0000128f0000000000000002abc2bc,0009,0000000c,0000128f,000000,00000000,02abc2bc
145,00090000000c000012af0000000000000002abc2bc,0009,0000000c,000012af,000000,00000000,02abc2bc
146,00090000000c000012d00000000000000002abc2bc,0009,0000000c,000012d0,000000,00000000,02abc2bc
147,00090000000c000012f10000000000000002abc2bc,0009,0000000c,000012f1,000000,00000000,02abc2bc
148,00090000000c000013120000000000000002abc2bc,0009,0000000c,00001312,000000,00000000,02abc2bc
149,00090000000c000013320000000000000002abc2bc,0009,0000000c,00001332,000000,00000000,02abc2bc
150,00090000000c000013530000000000000002abc2bc,0009,0000000c,00001353,000000,00000000,02abc2bc
151,00090000000c000013740000000000000002abc2bc,0009,0000000c,00001374,000000,00000000,02abc2bc
152,00090000000c000013950000000000000002abc2bc,0009,0000000c,00001395,000000,00000000,02abc2bc
153,00090000000c000013b50000000000000002abc2bc,0009,0000000c,000013b5,000000,00000000,02abc2bc
154,00090000000c000013d60000000000000002abc2bc,0009,0000000c,000013d6,000000,00000000,02abc2bc
155,00090000000c000013f70000000000000002abc2bc,0009,0000000c,000013f7,000000,00000000,02abc2bc
156,00090000000c000014180000000000000002abc2bc,0009,0000000c,00001418,000000,00000000,02abc2bc
157,00090000000c000014390000000000000002abc2bc,0009,0000000c,00001439,000000,00000000,02abc2bc
158,00090000000c000014590000000000000002abc2bc,0009,0000000c,00001459,000000,00000000,02abc2bc
159,00090000000c0000147a0000000000000002abc2bc,0009,0000000c,0000147a,000000,00000000,02abc2bc
160,00090000000c0000149b0000000000000002abc2bc,0009,0000000c,0000149b,000000,00000000,02abc2bc
161,00090000000c000014bc0000000000000002abc2bc,0009,0000000c,000014bc,000000,00000000,02abc2bc
162,00090000000c000014dc0000000000000002abc2bc,0009,0000000c,000014dc,000000,00000000,02abc2bc
163,00090000000c000014fd0000000000000002abc2bc,0009,0000000c,000014fd,000000,00000000,02abc2bc
164,00090000000c0000151e0000000000000002abc2bc,0009,0000000c,0000151e,000000,00000000,02abc2bc
165,00090000000c0000153f0000000000000002abc2bc,0009,0000000c,0000153f,000000,00000000,02abc2bc
166,00090000000c0000155f0000000000000002abc2bc,0009,0000000c,0000155f,000000,00000000,02abc2bc
167,00090000000c000015800000000000000002abc2bc,0009,0000000c,00001580,000000,00000000,02abc2bc
168,00090000000c000015a10000000000000002abc2bc,0009,0000000c,000015a1,000000,00000000,02abc2bc
169,00090000000c000015c20000000000000002abc2bc,0009,0000000c,000015c2,000000,00000000,02abc2bc
170,00090000000c000015e20000000000000002abc2bc,0009,0000000c,000015e2,000000,00000000,02abc2bc
171,00090000000c000016030000000000000002abc2bc,0009,0000000c,00001603,000000,00000000,02abc2bc
172,00090000000c000016240000000000000002abc2bc,0009,0000000c,00001624,000000,00000000,02abc2bc
173,00090000000c000016450000000000000002abc2bc,0009,0000000c,00001645,000000,00000000,02abc2bc
174,00090000000c000016660000000000000002abc2bc,0009,0000000c,00001666,000000,00000000,02abc2bc
175,00090000000c000016860000000000000002abc2bc,0009,0000000c,00001686,000000,00000000,02abc2bc
176,00090000000c000016a70000000000000002abc2bc,0009,0000000c,000016a7,000000,00000000,02abc2bc
177,00090000000c000016c80000000000000002abc2bc,0009,0000000c,000016c8,000000,00000000,02abc2bc
178,00090000000c000016e90000000000000002abc2bc,0009,0000000c,000016e9,000000,00000000,02abc2bc
179,00090000000c000017090000000000000002abc2bc,0009,0000000c,00001709,000000,00000000,02abc2bc
180,00090000000c0000172a0000000000000002abc2bc,0009,0000000c,0000172a,000000,00000000,02abc2bc
181,00090000000c0000174b0000000000000002abc2bc,0009,0000000c,0000174b,000000,00000000,02abc2bc
182,00090000000c0000176c0000000000000002abc2bc,0009,0000000c,0000176c,000000,00000000,02abc2bc
183,00090000000c0000178c0000000000000002abc2bc,0009,0000000c,0000178c,000000,00000000,02abc2bc
184,00090000000c000017ad0000000000000002abc2bc,0009,0000000c,000017ad,000000,00000000,02abc2bc
185,00090000000c000017ce0000000000000002abc2bc,0009,0000000c,000017ce,000000,00000000,02abc2bc
186,00090000000c000017ef0000000000000002abc2bc,0009,0000000c,000017ef,000000,00000000,02abc2bc
187,00090000000c000018100000000000000002abc2bc,0009,0000000c,00001810,000000,00000000,02abc2bc
188,00090000000c000018300000000000000002abc2bc,0009,0000000c,00001830,000000,00000000,02abc2bc
189,00090000000c000018510000000000000002abc2bc,0009,0000000c,00001851,000000,00000000,02abc2bc
190,00090000000c000018720000000000000002abc2bc,0009,0000000c,00001872,000000,00000000,02abc2bc
191,00090000000c000018930000000000000002abc2bc,0009,0000000c,00001893,000000,00000000,02abc2bc
192,00090000000c000018b30000000000000002abc2bc,0009,0000000c,000018b3,000000,00000000,02abc2bc
193,00090000000c000018d40000000000000002abc2bc,0009,0000000c,000018d4,000000,00000000,02abc2bc
194,00090000000c000018f50000000000000002abc2bc,0009,0000000c,000018f5,000000,00000000,02abc2bc
195,00090000000c000019160000000000000002abc2bc,0009,0000000c,00001916,000000,00000000,02abc2bc
196,00090000000c000019360000000000000002abc2bc,0009,0000000c,00001936,000000,00000000,02abc2bc
197,00090000000c000019570000000000000002abc2bc,0009,0000000c,00001957,000000,00000000,02abc2bc
198,00090000000c000019780000000000000002abc2bc,0009,0000000c,00001978,000000,00000000,02abc2bc
199,00090000000c000019990000000000000002abc2bc,0009,0000000c,00001999,000000,00000000,02abc2bc
200,00090000000c000019b90000000000000002abc2bc,0009,0000000c,000019b9,000000,00000000,02abc2bc
201,00090000000c000019da0000000000000002abc2bc,0009,0000000c,000019da,000000,00000000,02abc2bc
202,00090000000c000019fb0000000000000002abc2bc,0009,0000000c,000019fb,000000,00000000,02abc2bc
203,00090000000c00001a1c0000000000000002abc2bc,0009,0000000c,00001a1c,000000,00000000,02abc2bc
204,00090000000c00001a3d0000000000000002abc2bc,0009,0000000c,00001a3d,000000,00000000,02abc2bc
205,00090000000c00001a5d0000000000000002abc2bc,0009,0000000c,00001a5d,000000,00000000,02abc2bc
206,00090000000c00001a7e0000000000000002abc2bc,0009,0000000c,00001a7e,000000,00000000,02abc2bc
207,00090000000c00001a9f0000000000000002abc2bc,0009,0000000c,00001a9f,000000,00000000,02abc2bc
208,00090000000c00001ac00000000000000002abc2bc,0009,0000000c,00001ac0,000000,00000000,02abc2bc
209,00090000000c00001ae00000000000000002abc2bc,0009,0000000c,00001ae0,000000,00000000,02abc2bc
210,00090000000c00001b010000000000000002abc2bc,0009,0000000c,00001b01,000000,00000000,02abc2bc
211,00090000000c00001b220000000000000002abc2bc,0009,0000000c,00001b22,000000,00000000,02abc2bc
212,00090000000c00001b430000000000000002abc2bc,0009,0000000c,00001b43,000000,00000000,02abc2bc
213,00090000000c00001b630000000000000002abc2bc,0009,0000000c,00001b63,000000,00000000,02abc2bc
214,00090000000c00001b840000000000000002abc2bc,0009,0000000c,00001b84,000000,00000000,02abc2bc
215,00090000000c00001ba50000000000000002abc2bc,0009,0000000c,00001ba5,000000,00000000,02abc2bc
216,00090000000c00001bc60000000000000002abc2bc,0009,0000000c,00001bc6,000000,00000000,02abc2bc
217,00090000000c00001be60000000000000002abc2bc,0009,0000000c,00001be6,000000,00000000,02abc2bc
218,00090000000c00001c070000000000000002abc2bc,0009,0000000c,00001c07,000000,00000000,02abc2bc
219,00090000000c00001c280000000000000002abc2bc,0009,0000000c,00001c28,000000,00000000,02abc2bc
220,00090000000c00001c490000000000000002abc2bc,0009,0000000c,00001c49,000000,00000000,02abc2bc
221,00090000000c00001c6a0000000000000002abc2bc,0009,0000000c,00001c6a,000000,00000000,02abc2bc
222,00090000000c00001c8a0000000000000002abc2bc,0009,0000000c,00001c8a,000000,00000000,02abc2bc
223,00090000000c00001cab0000000000000002abc2bc,0009,0000000c,00001cab,000000,00000000,02abc2bc
224,00090000000c00001ccc0000000000000002abc2bc,0009,0000000c,00001ccc,000000,00000000,02abc2bc
225,00090000000c00001ced0000000000000002abc2bc,0009,0000000c,00001ced,000000,00000000,02abc2bc
226,00090000000c00001d0d0000000000000002abc2bc,0009,0000000c,00001d0d,000000,00000000,02abc2bc
227,00090000000c00001d2e0000000000000002abc2bc,0009,0000000c,00001d2e,000000,00000000,02abc2bc
228,00090000000c00001d4f0000000000000002abc2bc,0009,0000000c,00001d4f,000000,00000000,02abc2bc
229,00090000000c00001d700000000000000002abc2bc,0009,0000000c,00001d70,000000,00000000,02abc2bc
230,00090000000c00001d900000000000000002abc2bc,0009,0000000c,00001d90,000000,00000000,02abc2bc
231,00090000000c00001db10000000000000002abc2bc,0009,0000000c,00001db1,000000,00000000,02abc2bc
232,00090000000c00001dd20000000000000002abc2bc,0009,0000000c,00001dd2,000000,00000000,02abc2bc
233,00090000000c00001df30000000000000002abc2bc,0009,0000000c,00001df3,000000,00000000,02abc2bc
234,00090000000c00001e140000000000000002abc2bc,0009,0000000c,00001e14,000000,00000000,02abc2bc
235,00090000000c00001e340000000000000002abc2bc,0009,0000000c,00001e34,000000,00000000,02abc2bc
236,00090000000c00001e550000000000000002abc2bc,0009,0000000c,00001e55,000000,00000000,02abc2bc
237,00090000000c00001e760000000000000002abc2bc,0009,0000000c,00001e76,000000,00000000,02abc2bc
238,00090000000c00001e970000000000000002abc2bc,0009,0000000c,00001e97,000000,00000000,02abc2bc
239,00090000000c00001eb70000000000000002abc2bc,0009,0000000c,00001eb7,000000,00000000,02abc2bc
240,00090000000c00001ef90000000000000002abc2bc,0009,0000000c,00001ef9,000000,00000000,02abc2bc
241,00090000000c00001f1a0000000000000002abc2bc,0009,0000000c,00001f1a,000000,00000000,02abc2bc
242,00090000000c00001f3a0000000000000002abc2bc,0009,0000000c,00001f3a,000000,00000000,02abc2bc
243,00090000000c00001f5b0000000000000002abc2bc,0009,0000000c,00001f5b,000000,00000000,02abc2bc
244,00090000000c00001f7c0000000000000002abc2bc,0009,0000000c,00001f7c,000000,00000000,02abc2bc
245,00090000000c00001f9d0000000000000002abc2bc,0009,0000000c,00001f9d,000000,00000000,02abc2bc
246,00090000000c00001fbd0000000000000002abc2bc,0009,0000000c,00001fbd,000000,00000000,02abc2bc
247,00090000000c00001fde0000000000000002abc2bc,0009,0000000c,00001fde,000000,00000000,02abc2bc
248,00090000000c00001fff0000000000000002abc2bc,0009,0000000c,00001fff,000000,00000000,02abc2bc
249,00090000000c000020200000000000000002abc2bc,0009,0000000c,00002020,000000,00000000,02abc2bc
250,00090000000c000020410000000000000002abc2bc,0009,0000000c,00002041,000000,00000000,02abc2bc
251,00090000000c000020610000000000000002abc2bc,0009,0000000c,00002061,000000,00000000,02abc2bc
252,00090000000c000020820000000000000002abc2bc,0009,0000000c,00002082,000000,00000000,02abc2bc
253,00090000000c000020a30000000000000002abc2bc,0009,0000000c,000020a3,000000,00000000,02abc2bc
254,00090000000c000020c40000000000000002abc2bc,0009,0000000c,000020c4,000000,00000000,02abc2bc
255,00090000000c000020c40000000000000002abc2bc,0009,0000000c,000020c4,000000,00000000,02abc2bc
256,00090000000c000020e40000000000000002abc2bc,0009,0000000c,000020e4,000000,00000000,02abc2bc
257,00090000000c000021050000000000000002abc2bc,0009,0000000c,00002105,000000,00000000,02abc2bc
258,00090000000c000021260000000000000002abc2bc,0009,0000000c,00002126,000000,00000000,02abc2bc
259,00090000000c000021470000000000000002abc2bc,0009,0000000c,00002147,000000,00000000,02abc2bc
260,00090000000c000021670000000000000002abc2bc,0009,0000000c,00002167,000000,00000000,02abc2bc
261,00090000000c000021880000000000000002abc2bc,0009,0000000c,00002188,000000,00000000,02abc2bc
262,00090000000c000021a90000000000000002abc2bc,0009,0000000c,000021a9,000000,00000000,02abc2bc
263,00090000000c000021ca0000000000000002abc2bc,0009,0000000c,000021ca,000000,00000000,02abc2bc
264,00090000000c000021ea0000000000000002abc2bc,0009,0000000c,000021ea,000000,00000000,02abc2bc
265,00090000000c0000220b0000000000000002abc2bc,0009,0000000c,0000220b,000000,00000000,02abc2bc
266,00090000000c0000222c0000000000000002abc2bc,0009,0000000c,0000222c,000000,00000000,02abc2bc
267,00090000000c0000224d0000000000000002abc2bc,0009,0000000c,0000224d,000000,00000000,02abc2bc
268,00090000000c0000226e0000000000000002abc2bc,0009,0000000c,0000226e,000000,00000000,02abc2bc
269,00090000000c0000228e0000000000000002abc2bc,0009,0000000c,0000228e,000000,00000000,02abc2bc
270,00090000000c000022af0000000000000002abc2bc,0009,0000000c,000022af,000000,00000000,02abc2bc
271,00090000000c000022d00000000000000002abc2bc,0009,0000000c,000022d0,000000,00000000,02abc2bc
272,00090000000c000022f10000000000000002abc2bc,0009,0000000c,000022f1,000000,00000000,02abc2bc
273,00090000000c000023110000000000000002abc2bc,0009,0000000c,00002311,000000,00000000,02abc2bc
274,00090000000c000023320000000000000002abc2bc,0009,0000000c,00002332,000000,00000000,02abc2bc
275,00090000000c000023530000000000000002abc2bc,0009,0000000c,00002353,000000,00000000,02abc2bc
276,00090000000c000023740000000000000002abc2bc,0009,0000000c,00002374,000000,00000000,02abc2bc
277,00090000000c000023940000000000000002abc2bc,0009,0000000c,00002394,000000,00000000,02abc2bc
278,00090000000c000023b50000000000000002abc2bc,0009,0000000c,000023b5,000000,00000000,02abc2bc
279,00090000000c000023d60000000000000002abc2bc,0009,0000000c,000023d6,000000,00000000,02abc2bc
280,00090000000c000023f70000000000000002abc2bc,0009,0000000c,000023f7,000000,00000000,02abc2bc
281,00090000000c000024180000000000000002abc2bc,0009,0000000c,00002418,000000,00000000,02abc2bc
282,00090000000c000024380000000000000002abc2bc,0009,0000000c,00002438,000000,00000000,02abc2bc
283,00090000000c000024590000000000000002abc2bc,0009,0000000c,00002459,000000,00000000,02abc2bc
284,00090000000c0000247a0000000000000002abc2bc,0009,0000000c,0000247a,000000,00000000,02abc2bc
285,00090000000c0000249b0000000000000002abc2bc,0009,0000000c,0000249b,000000,00000000,02abc2bc
286,00090000000c000024bb0000000000000002abc2bc,0009,0000000c,000024bb,000000,00000000,02abc2bc
287,00090000000c000024dc0000000000000002abc2bc,0009,0000000c,000024dc,000000,00000000,02abc2bc
288,00090000000c0000251e0000000000000002abc2bc,0009,0000000c,0000251e,000000,00000000,02abc2bc
289,00090000000c0000253e0000000000000002abc2bc,0009,0000000c,0000253e,000000,00000000,02abc2bc
290,00090000000c0000255f0000000000000002abc2bc,0009,0000000c,0000255f,000000,00000000,02abc2bc
291,00090000000c000025800000000000000002abc2bc,0009,0000000c,00002580,000000,00000000,02abc2bc
292,00090000000c000025a10000000000000002abc2bc,0009,0000000c,000025a1,000000,00000000,02abc2bc
293,00090000000c000025c10000000000000002abc2bc,0009,0000000c,000025c1,000000,00000000,02abc2bc
294,00090000000c000025e20000000000000002abc2bc,0009,0000000c,000025e2,000000,00000000,02abc2bc
295,00090000000c000026030000000000000002abc2bc,0009,0000000c,00002603,000000,00000000,02abc2bc
296,00090000000c000026240000000000000002abc2bc,0009,0000000c,00002624,000000,00000000,02abc2bc
297,00090000000c000026450000000000000002abc2bc,0009,0000000c,00002645,000000,00000000,02abc2bc
298,00090000000c000026650000000000000002abc2bc,0009,0000000c,00002665,000000,00000000,02abc2bc
299,000000000000000000000000000000000000000000,0000,00000000,00000000,000000,00000000,00000000
