order,event,what_happens,number_recorded,interval_from_previous,interval_meaning,expected,answers,measured_value,status,notes
1,E0i issue,"Program executes ""play this pulse at time t""",time; c_clk cycle; p_time; c_time_ref,(start),-,-,Ordering baseline,,,
2,E0 schedule,Controller accepts cmd into queue; due time fixed,time; c_clk cycle; due (t_clk ticks),E0 - E0i (c_clk),Acceptance delay; larger if queue full and core stalled,1 cycle (more only in T9),ACCEPTANCE,1 c_clk (all 9),CP1 test_sim d0,
3,E1 timeline,Cmd reaches timeline side; can be compared against clock,time; time_abs,due - time_abs@E1 (t_clk),Lead margin; small/negative means late release,positive,Acceptance (in time?),lead margin 345 t_clk (first arrival),CP1 test_sim d0,E1 also fires on head refill after each pop (Verilator FIFO variant); only first-arrival rows are true E1
4,E2 release,Due passed; comparator releases cmd toward generator,time; time_abs; compare-fire and pop cycles,time_abs@E2 - due; E2[k+1]-E2[k] (t_clk),Release offset (fixed controller delay); release spacing,offset ~4 constant; spacing >= 3,START (ctrl); ORDERING,offset +4 t_clk (all heads); queued same-due spacing 4 t_clk,CP1 test_sim d0,2nd/3rd of same-due group: +8/+12 (queued behind head)
5,E3 SG accept,Cmd arrives at SGv6 input (adapter boundary),time; sg_clk cycle; gain/nsamp/fields,E3 - E2 (ps -> sg_clk),Transport across t_clk -> sg_clk,constant +/- 1 sg_clk (emulator value),Start (transport),26788-28057 ps (16.05-16.81 sg_clk),CP1 test_sim d0,spread 1269 ps < 1 sg_clk; emulator 16-stage sync
6,E4 SG start,SGv6 takes cmd from queue and begins pulse,time; sg_clk cycle; nsamp,E4 - E3 (sg_clk); E4[k+1]-E4[k],"Queue wait (0 idle, grows if busy); spacing preserved",small idle; spacing = delta or nsamp b2b,START; ORDERING,E4-E3 = 1 sg_clk idle; chained gap = nsamp (60),CP1 test_sim d0,"due -> SG start (head, SG idle) = 37.95-39.02 ns in test_sim; deterministic across identical reruns"
7,E5 on,Output enable turns on,time; sg_clk cycle,E5on - E4 (sg_clk),Fixed generator pipeline,~8-9 constant,Start (output),E5on-E4 = 9 sg_clk (all 5 bursts),CP1 test_sim d0,"E5 is per output burst, not per command"
8,E5 off,Output enable turns off,time; sg_clk cycle,E5off - E5on (sg_clk),Pulse duration,= nsamp,Duration,"burst length = sum of chained nsamp (180,120,120,180,120)",CP1 test_sim d0,
9,E6 DAC (optional),First non-zero DAC sample,time; row,E6 - E5on,Physical output delay (out of scope),-,-,,,
