id,finding,where,scope,evidence,impact
F1,tProc wave port changes tdata while tvalid && !tready: m_axis_tdata_r reloads from FIFO head every cycle; held beat is replaced by next entry -> skip + duplicate (zero data if FIFO empty),firmware/ip/qick_processor/src/qproc_dispatcher.sv:384-400,"shared RTL (hardware too, unverified on HW); zero-data part depends on FIFO variant",T9b: E2 lost=4 dup=3 unknown=1; trace runs/T9b/d0_trace @4763-4784 ns,Only when m0 tready low (>~32 commands queued to one SG). AXI-Stream violation. Reference is invalid under backpressure
F2,"Emulator SG CDC FIFO returns stale data after a write arrives while reader stalled (bram_dp_behav read enable = rd_en) -> duplicate now, data lags pointer, last word lost",firmware/ip/axis_dyn_readout_v1/src/fifo/verilog/fifo_dc_sv.sv + emulator/models/bram_dp/bram_dp_behav.sv (EMULATOR=1 path of cdcsync.sv),emulator model only (hardware uses fifo_dc_axi_xpm),T9b: E3 lost=52 dup=4; trace @4391-4397 ns,Emulator cannot be used as reference when SGv6 backpressures
F3,E1 fires on every head refill (empty blips after pop),_qproc_ips.sv BRAM_FIFO_DC_2 ifdef VERILATOR variant,emulator/Verilator variant,test_sim: 1 arrival + 8 refills,analysis filters refills
F4,Same-port release spacing is 4 t_clk (not 3),qproc_dispatcher.sv blank + Verilator FIFO refill,Verilator variant (HW value unverified),"test_sim, T6, T9b",throughput limit ~1 cmd / 9.3 ns per port in emulator
F5,Local qick_lib 0.2.422 has no emulator acquire hook; notebook acquire_decimated() likely fails in HRL_clinic,qick_lib/qick/qick_asm.py vs ~/projects/qick qick_lib 0.2.88 _run_emu_acquire,environment,code reading (not run),use gen_timing_programs.py export path
F6,Harness randomizes PRE_RUN_DELAY_NS (0-100) unless given,QICKEmu_harness.sv:788-798,harness,console.log,always pass +PRE_RUN_DELAY_NS
F7,Harness needs Verilator 5.042 (system 5.032 rejects -Wno-BADVLTPRAGMA),emulator/testbench/Makefile,environment,build log,make verilate VERILATOR_ROOT=~/projects/qick/emulator/submodules/verilator
F8,"Shared SG clock-crossing FIFO (axis_cdcsync_v1) re-delivers its current word to every ready generator while any other generator is not ready: fifo_rd_en = AND of all readies, per-output valid = !empty, no per-output ""already taken"" bit. A backed-up SG makes the OTHER SGs replay the same command over and over.","firmware/ip/axis_cdcsync_v1/src/cdcsync.sv:265-267,379; qick_dut u_axis_sgcdcsync_v1 (N=3)","shared RTL (not an emulator model). Present in r23 firmware (axis_cdcsync_v1_0, N=4, feeds SGv6 0-3); r25 spinQICK has no SG cdcsync (SGs on tProc clock), only a readout one (N=3)","T11: SG1 got 2 commands at E2 but accepted 656 at E3 (0x0560 x654) and started 640 at E4, while SG0 was backed up (40 overlapping pulses)","Corrects C8: a backed-up SG does not just stall the others, it corrupts them. Reference invalid whenever ANY SG sharing the CDC backs up; adapter/testbench must keep every SG below its FIFO depth."
F9,"SGv6 has no hardware guard on pulse length: its FSM leaves a pulse when the 16-bit countdown equals 2, so nsamp=0 or 1 wraps and plays ~65536 cycles (109.4 us) instead of 0/1. nsamp>=2 is exact. QICK guards this only in software (asm_v2.py:1729-1732: min 3 cycles, max 2**16).","firmware/ip/axis_signal_gen_v6/src/ctrl_sg_v6.sv:182,298,390-392; qick_lib/qick/asm_v2.py:1729-1732","shared RTL (kept hardware). The guard lives in the QICK compiler, which a RISC-Q toolchain/adapter would bypass","runs/nsamp_edge/len{0,1,2,3}: T1 with the LEN field patched; output on 65536 / 65537 / 2 / 3 sg_clk","Adapter/RISC-Q path must enforce 3 <= nsamp < 2**16 itself. A 109 us stuck pulse also blocks that SG queue (and, via the shared CDC, can trigger F8). F1 can emit an all-zero command, which on hardware would become such a pulse."
