seq,time_ps,t_cyc,t_time_abs,head_due
0,2678410.000,1081,44,4731
1,13584942.000,5774,4737,4752
2,13633746.000,5795,4758,4774
3,13684874.000,5817,4780,4795
4,13733678.000,5838,4801,4817
5,13784806.000,5860,4823,4838
6,13833610.000,5881,4844,4860
7,13884738.000,5903,4866,4881
8,13933542.000,5924,4887,4903
9,13984670.000,5946,4909,4924
10,14033474.000,5967,4930,4946
11,14084602.000,5989,4952,4967
12,14133406.000,6010,4973,4989
13,14184534.000,6032,4995,5010
14,14233338.000,6053,5016,5032
15,14284466.000,6075,5038,5053
16,14333270.000,6096,5059,5075
17,14384398.000,6118,5081,5096
18,14433202.000,6139,5102,5118
19,14484330.000,6161,5124,5139
20,14533134.000,6182,5145,5161
21,14584262.000,6204,5167,5182
22,14633066.000,6225,5188,5204
23,14684194.000,6247,5210,5225
24,14732998.000,6268,5231,5247
25,14784126.000,6290,5253,5268
26,14832930.000,6311,5274,5290
27,14884058.000,6333,5296,5311
28,14932862.000,6354,5317,5333
29,14983990.000,6376,5339,5354
30,15032794.000,6397,5360,5376
31,15083922.000,6419,5382,5397
32,15132726.000,6440,5403,5419
33,15183854.000,6462,5425,5440
34,15232658.000,6483,5446,5462
35,15283786.000,6505,5468,5483
36,15332590.000,6526,5489,5505
37,15383718.000,6548,5511,5526
38,15432522.000,6569,5532,5548
39,15483650.000,6591,5554,5569
40,15532454.000,6612,5575,5591
41,15583582.000,6634,5597,5612
42,15632386.000,6655,5618,5634
43,15683514.000,6677,5640,5655
44,15732318.000,6698,5661,5677
45,15783446.000,6720,5683,5698
46,15832250.000,6741,5704,5720
47,15883378.000,6763,5726,5741
48,15932182.000,6784,5747,5763
49,15983310.000,6806,5769,5784
50,16032114.000,6827,5790,5806
51,16083242.000,6849,5812,5828
52,16134370.000,6871,5834,5849
53,16183174.000,6892,5855,5871
54,16234302.000,6914,5877,5892
55,16283106.000,6935,5898,5914
56,16334234.000,6957,5920,5935
57,16383038.000,6978,5941,5957
58,16434166.000,7000,5963,5978
59,16482970.000,7021,5984,6000
60,16534098.000,7043,6006,6021
61,16582902.000,7064,6027,6043
62,16634030.000,7086,6049,6064
63,16682834.000,7107,6070,6086
64,16733962.000,7129,6092,6107
65,16782766.000,7150,6113,6129
66,16833894.000,7172,6135,6150
67,16882698.000,7193,6156,6172
68,16933826.000,7215,6178,6193
69,16982630.000,7236,6199,6215
70,17033758.000,7258,6221,6236
71,17082562.000,7279,6242,6258
72,17133690.000,7301,6264,6279
73,17182494.000,7322,6285,6301
74,17233622.000,7344,6307,6322
75,17282426.000,7365,6328,6344
76,17333554.000,7387,6350,6365
77,17382358.000,7408,6371,6387
78,17433486.000,7430,6393,6408
79,17482290.000,7451,6414,6430
80,17533418.000,7473,6436,6451
81,17582222.000,7494,6457,6473
82,17633350.000,7516,6479,6494
83,17682154.000,7537,6500,6516
84,17733282.000,7559,6522,6537
85,17782086.000,7580,6543,6559
86,17833214.000,7602,6565,6580
87,17882018.000,7623,6586,6602
88,17933146.000,7645,6608,6623
89,17981950.000,7666,6629,6645
90,18033078.000,7688,6651,6666
91,18081882.000,7709,6672,6688
92,18133010.000,7731,6694,6709
93,18181814.000,7752,6715,6731
94,18232942.000,7774,6737,6752
95,18281746.000,7795,6758,6774
96,18332874.000,7817,6780,6795
97,18381678.000,7838,6801,6817
98,18432806.000,7860,6823,6838
99,18481610.000,7881,6844,6860
100,18532738.000,7903,6866,6881
101,18581542.000,7924,6887,6903
102,18632670.000,7946,6909,6924
103,18681474.000,7967,6930,6946
104,18732602.000,7989,6952,6967
105,18781406.000,8010,6973,6989
106,18832534.000,8032,6995,7010
107,18881338.000,8053,7016,7032
108,18932466.000,8075,7038,7053
109,18981270.000,8096,7059,7075
110,19032398.000,8118,7081,7096
111,19081202.000,8139,7102,7118
112,19132330.000,8161,7124,7139
113,19181134.000,8182,7145,7161
114,19232262.000,8204,7167,7182
115,19281066.000,8225,7188,7204
116,19332194.000,8247,7210,7225
117,19380998.000,8268,7231,7247
118,19432126.000,8290,7253,7268
119,19480930.000,8311,7274,7290
120,19532058.000,8333,7296,7311
121,19580862.000,8354,7317,7333
122,19631990.000,8376,7339,7354
123,19680794.000,8397,7360,7376
124,19731922.000,8419,7382,7397
125,19780726.000,8440,7403,7419
126,19831854.000,8462,7425,7440
127,19880658.000,8483,7446,7462
128,19931786.000,8505,7468,7483
129,19980590.000,8526,7489,7505
130,20031718.000,8548,7511,7526
131,20080522.000,8569,7532,7548
132,20131650.000,8591,7554,7569
133,20180454.000,8612,7575,7591
134,20231582.000,8634,7597,7612
135,20280386.000,8655,7618,7634
136,20331514.000,8677,7640,7655
137,20380318.000,8698,7661,7677
138,20431446.000,8720,7683,7698
139,20480250.000,8741,7704,7720
140,20531378.000,8763,7726,7741
141,20580182.000,8784,7747,7763
142,20631310.000,8806,7769,7784
143,20680114.000,8827,7790,7806
144,20731242.000,8849,7812,7827
145,20780046.000,8870,7833,7849
146,20831174.000,8892,7855,7870
147,20879978.000,8913,7876,7892
148,20931106.000,8935,7898,7913
149,20979910.000,8956,7919,7935
150,21031038.000,8978,7941,7956
151,21079842.000,8999,7962,7978
152,21130970.000,9021,7984,7999
153,21179774.000,9042,8005,8021
154,21230902.000,9064,8027,8042
155,21279706.000,9085,8048,8064
156,21330834.000,9107,8070,8085
157,21379638.000,9128,8091,8107
158,21430766.000,9150,8113,8128
159,21479570.000,9171,8134,8150
160,21530698.000,9193,8156,8171
161,21579502.000,9214,8177,8193
162,21630630.000,9236,8199,8214
163,21679434.000,9257,8220,8236
164,21730562.000,9279,8242,8257
165,21779366.000,9300,8263,8279
166,21830494.000,9322,8285,8300
167,21879298.000,9343,8306,8322
168,21930426.000,9365,8328,8343
169,21979230.000,9386,8349,8365
170,22030358.000,9408,8371,8386
171,22079162.000,9429,8392,8408
172,22130290.000,9451,8414,8429
173,22179094.000,9472,8435,8451
174,22230222.000,9494,8457,8472
175,22279026.000,9515,8478,8494
176,22330154.000,9537,8500,8516
177,22381282.000,9559,8522,8537
178,22430086.000,9580,8543,8559
179,22481214.000,9602,8565,8580
180,22530018.000,9623,8586,8602
181,22581146.000,9645,8608,8623
182,22629950.000,9666,8629,8645
183,22681078.000,9688,8651,8666
184,22729882.000,9709,8672,8688
185,22781010.000,9731,8694,8709
186,22829814.000,9752,8715,8731
187,22880942.000,9774,8737,8752
188,22929746.000,9795,8758,8774
189,22980874.000,9817,8780,8795
190,23029678.000,9838,8801,8817
191,23080806.000,9860,8823,8838
192,23129610.000,9881,8844,8860
193,23180738.000,9903,8866,8881
194,23229542.000,9924,8887,8903
195,23280670.000,9946,8909,8924
196,23329474.000,9967,8930,8946
197,23380602.000,9989,8952,8967
198,23429406.000,10010,8973,8989
199,23480534.000,10032,8995,9010
200,23529338.000,10053,9016,9032
201,23580466.000,10075,9038,9053
202,23629270.000,10096,9059,9075
203,23680398.000,10118,9081,9096
204,23729202.000,10139,9102,9118
205,23780330.000,10161,9124,9139
206,23829134.000,10182,9145,9161
207,23880262.000,10204,9167,9182
208,23929066.000,10225,9188,9204
209,23980194.000,10247,9210,9225
210,24028998.000,10268,9231,9247
211,24080126.000,10290,9253,9268
212,24128930.000,10311,9274,9290
213,24180058.000,10333,9296,9311
214,24228862.000,10354,9317,9333
215,24279990.000,10376,9339,9354
216,24328794.000,10397,9360,9376
217,24379922.000,10419,9382,9397
218,24428726.000,10440,9403,9419
219,24479854.000,10462,9425,9440
220,24528658.000,10483,9446,9462
221,24579786.000,10505,9468,9483
222,24628590.000,10526,9489,9505
223,24679718.000,10548,9511,9526
224,24728522.000,10569,9532,9548
225,24779650.000,10591,9554,9569
226,24828454.000,10612,9575,9591
227,24879582.000,10634,9597,9612
228,24928386.000,10655,9618,9634
229,24979514.000,10677,9640,9655
230,25028318.000,10698,9661,9677
231,25079446.000,10720,9683,9698
232,25128250.000,10741,9704,9720
233,25179378.000,10763,9726,9741
234,25228182.000,10784,9747,9763
235,25279310.000,10806,9769,9784
236,25328114.000,10827,9790,9806
237,25379242.000,10849,9812,9827
238,25428046.000,10870,9833,9849
239,25479174.000,10892,9855,9870
240,25527978.000,10913,9876,9892
241,25579106.000,10935,9898,9913
242,25627910.000,10956,9919,9935
243,25679038.000,10978,9941,9956
244,25727842.000,10999,9962,9978
245,25778970.000,11021,9984,9999
246,25827774.000,11042,10005,10021
247,25878902.000,11064,10027,10042
248,25927706.000,11085,10048,10064
249,25978834.000,11107,10070,10085
250,26027638.000,11128,10091,10107
251,26078766.000,11150,10113,10128
252,26127570.000,11171,10134,10150
253,26178698.000,11193,10156,10171
254,26227502.000,11214,10177,10193
255,26278630.000,11236,10199,10214
256,26327434.000,11257,10220,10236
257,26378562.000,11279,10242,10257
258,26427366.000,11300,10263,10279
259,26478494.000,11322,10285,10300
260,26527298.000,11343,10306,10322
261,26578426.000,11365,10328,10343
262,26627230.000,11386,10349,10365
263,26678358.000,11408,10371,10386
264,26727162.000,11429,10392,10408
265,26778290.000,11451,10414,10429
266,26827094.000,11472,10435,10451
267,26878222.000,11494,10457,10472
268,26927026.000,11515,10478,10494
269,26978154.000,11537,10500,10515
270,27026958.000,11558,10521,10537
271,27078086.000,11580,10543,10558
272,27126890.000,11601,10564,10580
273,27178018.000,11623,10586,10601
274,27226822.000,11644,10607,10623
275,27277950.000,11666,10629,10644
276,27326754.000,11687,10650,10666
277,27377882.000,11709,10672,10687
278,27426686.000,11730,10693,10709
279,27477814.000,11752,10715,10730
280,27526618.000,11773,10736,10752
281,27577746.000,11795,10758,10773
282,27626550.000,11816,10779,10795
283,27677678.000,11838,10801,10816
284,27726482.000,11859,10822,10838
285,27777610.000,11881,10844,10859
286,27826414.000,11902,10865,10881
287,27877542.000,11924,10887,10902
288,27926346.000,11945,10908,10924
289,27977474.000,11967,10930,10945
290,28026278.000,11988,10951,10967
291,28077406.000,12010,10973,10988
292,28126210.000,12031,10994,11010
293,28177338.000,12053,11016,11031
294,28226142.000,12074,11037,11053
295,28277270.000,12096,11059,11074
296,28326074.000,12117,11080,11096
297,28377202.000,12139,11102,11117
298,28426006.000,12160,11123,11139
299,28477134.000,12182,11145,11160
