seq,time_ps,sg_cyc,edge
0,13624351.056,8062,rise
1,13644383.184,8074,fall
2,13672762.032,8091,rise
3,13692794.160,8103,fall
4,13724511.696,8122,rise
5,13744543.824,8134,fall
6,13772922.672,8151,rise
7,13792954.800,8163,fall
8,13824672.336,8182,rise
9,13844704.464,8194,fall
10,13873083.312,8211,rise
11,13893115.440,8223,fall
12,13924832.976,8242,rise
13,13944865.104,8254,fall
14,13973243.952,8271,rise
15,13993276.080,8283,fall
16,14024993.616,8302,rise
17,14045025.744,8314,fall
18,14073404.592,8331,rise
19,14093436.720,8343,fall
20,14123484.912,8361,rise
21,14143517.040,8373,fall
22,14173565.232,8391,rise
23,14193597.360,8403,fall
24,14223645.552,8421,rise
25,14243677.680,8433,fall
26,14273725.872,8451,rise
27,14293758.000,8463,fall
28,14323806.192,8481,rise
29,14343838.320,8493,fall
30,14372217.168,8510,rise
31,14392249.296,8522,fall
32,14423966.832,8541,rise
33,14443998.960,8553,fall
34,14472377.808,8570,rise
35,14492409.936,8582,fall
36,14524127.472,8601,rise
37,14544159.600,8613,fall
38,14572538.448,8630,rise
39,14592570.576,8642,fall
40,14624288.112,8661,rise
41,14644320.240,8673,fall
42,14672699.088,8690,rise
43,14692731.216,8702,fall
44,14724448.752,8721,rise
45,14744480.880,8733,fall
46,14772859.728,8750,rise
47,14792891.856,8762,fall
48,14822940.048,8780,rise
49,14842972.176,8792,fall
50,14873020.368,8810,rise
51,14893052.496,8822,fall
52,14923100.688,8840,rise
53,14943132.816,8852,fall
54,14973181.008,8870,rise
55,14993213.136,8882,fall
56,15023261.328,8900,rise
57,15043293.456,8912,fall
58,15071672.304,8929,rise
59,15091704.432,8941,fall
60,15123421.968,8960,rise
61,15143454.096,8972,fall
62,15171832.944,8989,rise
63,15191865.072,9001,fall
64,15223582.608,9020,rise
65,15243614.736,9032,fall
66,15271993.584,9049,rise
67,15292025.712,9061,fall
68,15323743.248,9080,rise
69,15343775.376,9092,fall
70,15372154.224,9109,rise
71,15392186.352,9121,fall
72,15423903.888,9140,rise
73,15443936.016,9152,fall
74,15472314.864,9169,rise
75,15492346.992,9181,fall
76,15524064.528,9200,rise
77,15544096.656,9212,fall
78,15572475.504,9229,rise
79,15592507.632,9241,fall
80,15622555.824,9259,rise
81,15642587.952,9271,fall
82,15672636.144,9289,rise
83,15692668.272,9301,fall
84,15722716.464,9319,rise
85,15742748.592,9331,fall
86,15771127.440,9348,rise
87,15791159.568,9360,fall
88,15822877.104,9379,rise
89,15842909.232,9391,fall
90,15871288.080,9408,rise
91,15891320.208,9420,fall
92,15923037.744,9439,rise
93,15943069.872,9451,fall
94,15971448.720,9468,rise
95,15991480.848,9480,fall
96,16023198.384,9499,rise
97,16043230.512,9511,fall
98,16071609.360,9528,rise
99,16091641.488,9540,fall
100,16123359.024,9559,rise
101,16143391.152,9571,fall
102,16173439.344,9589,rise
103,16193471.472,9601,fall
104,16223519.664,9619,rise
105,16243551.792,9631,fall
106,16273599.984,9649,rise
107,16293632.112,9661,fall
108,16322010.960,9678,rise
109,16342043.088,9690,fall
110,16373760.624,9709,rise
111,16393792.752,9721,fall
112,16422171.600,9738,rise
113,16442203.728,9750,fall
114,16473921.264,9769,rise
115,16493953.392,9781,fall
116,16522332.240,9798,rise
117,16542364.368,9810,fall
118,16574081.904,9829,rise
119,16594114.032,9841,fall
120,16622492.880,9858,rise
121,16642525.008,9870,fall
122,16674242.544,9889,rise
123,16694274.672,9901,fall
124,16722653.520,9918,rise
125,16742685.648,9930,fall
126,16772733.840,9948,rise
127,16792765.968,9960,fall
128,16822814.160,9978,rise
129,16842846.288,9990,fall
130,16872894.480,10008,rise
131,16892926.608,10020,fall
132,16922974.800,10038,rise
133,16943006.928,10050,fall
134,16973055.120,10068,rise
135,16993087.248,10080,fall
136,17021466.096,10097,rise
137,17041498.224,10109,fall
138,17073215.760,10128,rise
139,17093247.888,10140,fall
140,17121626.736,10157,rise
141,17141658.864,10169,fall
142,17173376.400,10188,rise
143,17193408.528,10200,fall
144,17221787.376,10217,rise
145,17241819.504,10229,fall
146,17273537.040,10248,rise
147,17293569.168,10260,fall
148,17321948.016,10277,rise
149,17341980.144,10289,fall
150,17373697.680,10308,rise
151,17393729.808,10320,fall
152,17422108.656,10337,rise
153,17442140.784,10349,fall
154,17473858.320,10368,rise
155,17493890.448,10380,fall
156,17522269.296,10397,rise
157,17542301.424,10409,fall
158,17572349.616,10427,rise
159,17592381.744,10439,fall
160,17622429.936,10457,rise
161,17642462.064,10469,fall
162,17672510.256,10487,rise
163,17692542.384,10499,fall
164,17720921.232,10516,rise
165,17740953.360,10528,fall
166,17772670.896,10547,rise
167,17792703.024,10559,fall
168,17821081.872,10576,rise
169,17841114.000,10588,fall
170,17872831.536,10607,rise
171,17892863.664,10619,fall
172,17921242.512,10636,rise
173,17941274.640,10648,fall
174,17972992.176,10667,rise
175,17993024.304,10679,fall
176,18021403.152,10696,rise
177,18041435.280,10708,fall
178,18073152.816,10727,rise
179,18093184.944,10739,fall
180,18121563.792,10756,rise
181,18141595.920,10768,fall
182,18173313.456,10787,rise
183,18193345.584,10799,fall
184,18221724.432,10816,rise
185,18241756.560,10828,fall
186,18271804.752,10846,rise
187,18291836.880,10858,fall
188,18321885.072,10876,rise
189,18341917.200,10888,fall
190,18371965.392,10906,rise
191,18391997.520,10918,fall
192,18422045.712,10936,rise
193,18442077.840,10948,fall
194,18472126.032,10966,rise
195,18492158.160,10978,fall
196,18520537.008,10995,rise
197,18540569.136,11007,fall
198,18572286.672,11026,rise
199,18592318.800,11038,fall
200,18620697.648,11055,rise
201,18640729.776,11067,fall
202,18672447.312,11086,rise
203,18692479.440,11098,fall
204,18720858.288,11115,rise
205,18740890.416,11127,fall
206,18772607.952,11146,rise
207,18792640.080,11158,fall
208,18821018.928,11175,rise
209,18841051.056,11187,fall
210,18872768.592,11206,rise
211,18892800.720,11218,fall
212,18921179.568,11235,rise
213,18941211.696,11247,fall
214,18971259.888,11265,rise
215,18991292.016,11277,fall
216,19021340.208,11295,rise
217,19041372.336,11307,fall
218,19071420.528,11325,rise
219,19091452.656,11337,fall
220,19121500.848,11355,rise
221,19141532.976,11367,fall
222,19171581.168,11385,rise
223,19191613.296,11397,fall
224,19219992.144,11414,rise
225,19240024.272,11426,fall
226,19271741.808,11445,rise
227,19291773.936,11457,fall
228,19320152.784,11474,rise
229,19340184.912,11486,fall
230,19371902.448,11505,rise
231,19391934.576,11517,fall
232,19420313.424,11534,rise
233,19440345.552,11546,fall
234,19472063.088,11565,rise
235,19492095.216,11577,fall
236,19520474.064,11594,rise
237,19540506.192,11606,fall
238,19572223.728,11625,rise
239,19592255.856,11637,fall
240,19620634.704,11654,rise
241,19640666.832,11666,fall
242,19672384.368,11685,rise
243,19692416.496,11697,fall
244,19720795.344,11714,rise
245,19740827.472,11726,fall
246,19770875.664,11744,rise
247,19790907.792,11756,fall
248,19820955.984,11774,rise
249,19840988.112,11786,fall
250,19871036.304,11804,rise
251,19891068.432,11816,fall
252,19919447.280,11833,rise
253,19939479.408,11845,fall
254,19971196.944,11864,rise
255,19991229.072,11876,fall
256,20019607.920,11893,rise
257,20039640.048,11905,fall
258,20071357.584,11924,rise
259,20091389.712,11936,fall
260,20119768.560,11953,rise
261,20139800.688,11965,fall
262,20171518.224,11984,rise
263,20191550.352,11996,fall
264,20219929.200,12013,rise
265,20239961.328,12025,fall
266,20271678.864,12044,rise
267,20291710.992,12056,fall
268,20320089.840,12073,rise
269,20340121.968,12085,fall
270,20371839.504,12104,rise
271,20391871.632,12116,fall
272,20420250.480,12133,rise
273,20440282.608,12145,fall
274,20470330.800,12163,rise
275,20490362.928,12175,fall
276,20520411.120,12193,rise
277,20540443.248,12205,fall
278,20570491.440,12223,rise
279,20590523.568,12235,fall
280,20620571.760,12253,rise
281,20640603.888,12265,fall
282,20670652.080,12283,rise
283,20690684.208,12295,fall
284,20719063.056,12312,rise
285,20739095.184,12324,fall
286,20770812.720,12343,rise
287,20790844.848,12355,fall
288,20819223.696,12372,rise
289,20839255.824,12384,fall
290,20870973.360,12403,rise
291,20891005.488,12415,fall
292,20919384.336,12432,rise
293,20939416.464,12444,fall
294,20971134.000,12463,rise
295,20991166.128,12475,fall
296,21019544.976,12492,rise
297,21039577.104,12504,fall
298,21071294.640,12523,rise
299,21091326.768,12535,fall
300,21119705.616,12552,rise
301,21139737.744,12564,fall
302,21169785.936,12582,rise
303,21189818.064,12594,fall
304,21219866.256,12612,rise
305,21239898.384,12624,fall
306,21269946.576,12642,rise
307,21289978.704,12654,fall
308,21320026.896,12672,rise
309,21340059.024,12684,fall
310,21370107.216,12702,rise
311,21390139.344,12714,fall
312,21418518.192,12731,rise
313,21438550.320,12743,fall
314,21470267.856,12762,rise
315,21490299.984,12774,fall
316,21518678.832,12791,rise
317,21538710.960,12803,fall
318,21570428.496,12822,rise
319,21590460.624,12834,fall
320,21618839.472,12851,rise
321,21638871.600,12863,fall
322,21670589.136,12882,rise
323,21690621.264,12894,fall
324,21719000.112,12911,rise
325,21739032.240,12923,fall
326,21770749.776,12942,rise
327,21790781.904,12954,fall
328,21819160.752,12971,rise
329,21839192.880,12983,fall
330,21870910.416,13002,rise
331,21890942.544,13014,fall
332,21919321.392,13031,rise
333,21939353.520,13043,fall
334,21969401.712,13061,rise
335,21989433.840,13073,fall
336,22019482.032,13091,rise
337,22039514.160,13103,fall
338,22069562.352,13121,rise
339,22089594.480,13133,fall
340,22117973.328,13150,rise
341,22138005.456,13162,fall
342,22169722.992,13181,rise
343,22189755.120,13193,fall
344,22218133.968,13210,rise
345,22238166.096,13222,fall
346,22269883.632,13241,rise
347,22289915.760,13253,fall
348,22318294.608,13270,rise
349,22338326.736,13282,fall
350,22370044.272,13301,rise
351,22390076.400,13313,fall
352,22420124.592,13331,rise
353,22440156.720,13343,fall
354,22470204.912,13361,rise
355,22490237.040,13373,fall
356,22520285.232,13391,rise
357,22540317.360,13403,fall
358,22570365.552,13421,rise
359,22590397.680,13433,fall
360,22620445.872,13451,rise
361,22640478.000,13463,fall
362,22668856.848,13480,rise
363,22688888.976,13492,fall
364,22720606.512,13511,rise
365,22740638.640,13523,fall
366,22769017.488,13540,rise
367,22789049.616,13552,fall
368,22820767.152,13571,rise
369,22840799.280,13583,fall
370,22869178.128,13600,rise
371,22889210.256,13612,fall
372,22920927.792,13631,rise
373,22940959.920,13643,fall
374,22969338.768,13660,rise
375,22989370.896,13672,fall
376,23021088.432,13691,rise
377,23041120.560,13703,fall
378,23069499.408,13720,rise
379,23089531.536,13732,fall
380,23119579.728,13750,rise
381,23139611.856,13762,fall
382,23169660.048,13780,rise
383,23189692.176,13792,fall
384,23219740.368,13810,rise
385,23239772.496,13822,fall
386,23269820.688,13840,rise
387,23289852.816,13852,fall
388,23319901.008,13870,rise
389,23339933.136,13882,fall
390,23368311.984,13899,rise
391,23388344.112,13911,fall
392,23420061.648,13930,rise
393,23440093.776,13942,fall
394,23468472.624,13959,rise
395,23488504.752,13971,fall
396,23520222.288,13990,rise
397,23540254.416,14002,fall
398,23568633.264,14019,rise
399,23588665.392,14031,fall
400,23620382.928,14050,rise
401,23640415.056,14062,fall
402,23668793.904,14079,rise
403,23688826.032,14091,fall
404,23720543.568,14110,rise
405,23740575.696,14122,fall
406,23768954.544,14139,rise
407,23788986.672,14151,fall
408,23820704.208,14170,rise
409,23840736.336,14182,fall
410,23869115.184,14199,rise
411,23889147.312,14211,fall
412,23919195.504,14229,rise
413,23939227.632,14241,fall
414,23969275.824,14259,rise
415,23989307.952,14271,fall
416,24019356.144,14289,rise
417,24039388.272,14301,fall
418,24067767.120,14318,rise
419,24087799.248,14330,fall
420,24119516.784,14349,rise
421,24139548.912,14361,fall
422,24167927.760,14378,rise
423,24187959.888,14390,fall
424,24219677.424,14409,rise
425,24239709.552,14421,fall
426,24268088.400,14438,rise
427,24288120.528,14450,fall
428,24319838.064,14469,rise
429,24339870.192,14481,fall
430,24368249.040,14498,rise
431,24388281.168,14510,fall
432,24419998.704,14529,rise
433,24440030.832,14541,fall
434,24468409.680,14558,rise
435,24488441.808,14570,fall
436,24520159.344,14589,rise
437,24540191.472,14601,fall
438,24568570.320,14618,rise
439,24588602.448,14630,fall
440,24618650.640,14648,rise
441,24638682.768,14660,fall
442,24668730.960,14678,rise
443,24688763.088,14690,fall
444,24718811.280,14708,rise
445,24738843.408,14720,fall
446,24768891.600,14738,rise
447,24788923.728,14750,fall
448,24818971.920,14768,rise
449,24839004.048,14780,fall
450,24867382.896,14797,rise
451,24887415.024,14809,fall
452,24919132.560,14828,rise
453,24939164.688,14840,fall
454,24967543.536,14857,rise
455,24987575.664,14869,fall
456,25019293.200,14888,rise
457,25039325.328,14900,fall
458,25067704.176,14917,rise
459,25087736.304,14929,fall
460,25119453.840,14948,rise
461,25139485.968,14960,fall
462,25167864.816,14977,rise
463,25187896.944,14989,fall
464,25219614.480,15008,rise
465,25239646.608,15020,fall
466,25268025.456,15037,rise
467,25288057.584,15049,fall
468,25318105.776,15067,rise
469,25338137.904,15079,fall
470,25368186.096,15097,rise
471,25388218.224,15109,fall
472,25418266.416,15127,rise
473,25438298.544,15139,fall
474,25468346.736,15157,rise
475,25488378.864,15169,fall
476,25518427.056,15187,rise
477,25538459.184,15199,fall
478,25566838.032,15216,rise
479,25586870.160,15228,fall
480,25618587.696,15247,rise
481,25638619.824,15259,fall
482,25666998.672,15276,rise
483,25687030.800,15288,fall
484,25718748.336,15307,rise
485,25738780.464,15319,fall
486,25767159.312,15336,rise
487,25787191.440,15348,fall
488,25818908.976,15367,rise
489,25838941.104,15379,fall
490,25867319.952,15396,rise
491,25887352.080,15408,fall
492,25919069.616,15427,rise
493,25939101.744,15439,fall
494,25967480.592,15456,rise
495,25987512.720,15468,fall
496,26019230.256,15487,rise
497,26039262.384,15499,fall
498,26067641.232,15516,rise
499,26087673.360,15528,fall
500,26117721.552,15546,rise
501,26137753.680,15558,fall
502,26167801.872,15576,rise
503,26187834.000,15588,fall
504,26217882.192,15606,rise
505,26237914.320,15618,fall
506,26266293.168,15635,rise
507,26286325.296,15647,fall
508,26318042.832,15666,rise
509,26338074.960,15678,fall
510,26366453.808,15695,rise
511,26386485.936,15707,fall
512,26418203.472,15726,rise
513,26438235.600,15738,fall
514,26466614.448,15755,rise
515,26486646.576,15767,fall
516,26518364.112,15786,rise
517,26538396.240,15798,fall
518,26566775.088,15815,rise
519,26586807.216,15827,fall
520,26618524.752,15846,rise
521,26638556.880,15858,fall
522,26666935.728,15875,rise
523,26686967.856,15887,fall
524,26718685.392,15906,rise
525,26738717.520,15918,fall
526,26767096.368,15935,rise
527,26787128.496,15947,fall
528,26817176.688,15965,rise
529,26837208.816,15977,fall
530,26867257.008,15995,rise
531,26887289.136,16007,fall
532,26917337.328,16025,rise
533,26937369.456,16037,fall
534,26967417.648,16055,rise
535,26987449.776,16067,fall
536,27017497.968,16085,rise
537,27037530.096,16097,fall
538,27065908.944,16114,rise
539,27085941.072,16126,fall
540,27117658.608,16145,rise
541,27137690.736,16157,fall
542,27166069.584,16174,rise
543,27186101.712,16186,fall
544,27217819.248,16205,rise
545,27237851.376,16217,fall
546,27266230.224,16234,rise
547,27286262.352,16246,fall
548,27317979.888,16265,rise
549,27338012.016,16277,fall
550,27366390.864,16294,rise
551,27386422.992,16306,fall
552,27418140.528,16325,rise
553,27438172.656,16337,fall
554,27466551.504,16354,rise
555,27486583.632,16366,fall
556,27516631.824,16384,rise
557,27536663.952,16396,fall
558,27566712.144,16414,rise
559,27586744.272,16426,fall
560,27616792.464,16444,rise
561,27636824.592,16456,fall
562,27666872.784,16474,rise
563,27686904.912,16486,fall
564,27716953.104,16504,rise
565,27736985.232,16516,fall
566,27765364.080,16533,rise
567,27785396.208,16545,fall
568,27817113.744,16564,rise
569,27837145.872,16576,fall
570,27865524.720,16593,rise
571,27885556.848,16605,fall
572,27917274.384,16624,rise
573,27937306.512,16636,fall
574,27965685.360,16653,rise
575,27985717.488,16665,fall
576,28017435.024,16684,rise
577,28037467.152,16696,fall
578,28065846.000,16713,rise
579,28085878.128,16725,fall
580,28117595.664,16744,rise
581,28137627.792,16756,fall
582,28166006.640,16773,rise
583,28186038.768,16785,fall
584,28217756.304,16804,rise
585,28237788.432,16816,fall
586,28266167.280,16833,rise
587,28286199.408,16845,fall
588,28316247.600,16863,rise
589,28336279.728,16875,fall
590,28366327.920,16893,rise
591,28386360.048,16905,fall
592,28416408.240,16923,rise
593,28436440.368,16935,fall
594,28464819.216,16952,rise
595,28484851.344,16964,fall
596,28516568.880,16983,rise
597,28536601.008,16995,fall
598,28564979.856,17012,rise
599,28585011.984,17024,fall
