time_ps,domain,cyc,kind
172500.000,c_clk,1,some_fifo_full_rise
207500.000,c_clk,8,some_fifo_full_fall
2577500.000,c_clk,482,some_fifo_full_rise
2612500.000,c_clk,489,some_fifo_full_fall
6497500.000,c_clk,1266,some_fifo_full_rise
13592500.000,c_clk,2685,some_fifo_full_fall
13607500.000,c_clk,2688,some_fifo_full_rise
13642500.000,c_clk,2695,some_fifo_full_fall
13657500.000,c_clk,2698,some_fifo_full_rise
13692500.000,c_clk,2705,some_fifo_full_fall
13707500.000,c_clk,2708,some_fifo_full_rise
13742500.000,c_clk,2715,some_fifo_full_fall
13757500.000,c_clk,2718,some_fifo_full_rise
13792500.000,c_clk,2725,some_fifo_full_fall
13807500.000,c_clk,2728,some_fifo_full_rise
13842500.000,c_clk,2735,some_fifo_full_fall
13857500.000,c_clk,2738,some_fifo_full_rise
13892500.000,c_clk,2745,some_fifo_full_fall
13907500.000,c_clk,2748,some_fifo_full_rise
13942500.000,c_clk,2755,some_fifo_full_fall
13957500.000,c_clk,2758,some_fifo_full_rise
13992500.000,c_clk,2765,some_fifo_full_fall
14007500.000,c_clk,2768,some_fifo_full_rise
14042500.000,c_clk,2775,some_fifo_full_fall
14057500.000,c_clk,2778,some_fifo_full_rise
14092500.000,c_clk,2785,some_fifo_full_fall
14107500.000,c_clk,2788,some_fifo_full_rise
14142500.000,c_clk,2795,some_fifo_full_fall
14157500.000,c_clk,2798,some_fifo_full_rise
14192500.000,c_clk,2805,some_fifo_full_fall
14207500.000,c_clk,2808,some_fifo_full_rise
14242500.000,c_clk,2815,some_fifo_full_fall
14257500.000,c_clk,2818,some_fifo_full_rise
14292500.000,c_clk,2825,some_fifo_full_fall
14307500.000,c_clk,2828,some_fifo_full_rise
14342500.000,c_clk,2835,some_fifo_full_fall
14357500.000,c_clk,2838,some_fifo_full_rise
14392500.000,c_clk,2845,some_fifo_full_fall
14407500.000,c_clk,2848,some_fifo_full_rise
14442500.000,c_clk,2855,some_fifo_full_fall
14457500.000,c_clk,2858,some_fifo_full_rise
14492500.000,c_clk,2865,some_fifo_full_fall
14507500.000,c_clk,2868,some_fifo_full_rise
14542500.000,c_clk,2875,some_fifo_full_fall
14557500.000,c_clk,2878,some_fifo_full_rise
14592500.000,c_clk,2885,some_fifo_full_fall
14607500.000,c_clk,2888,some_fifo_full_rise
14642500.000,c_clk,2895,some_fifo_full_fall
14657500.000,c_clk,2898,some_fifo_full_rise
14692500.000,c_clk,2905,some_fifo_full_fall
14707500.000,c_clk,2908,some_fifo_full_rise
14742500.000,c_clk,2915,some_fifo_full_fall
14757500.000,c_clk,2918,some_fifo_full_rise
14792500.000,c_clk,2925,some_fifo_full_fall
14807500.000,c_clk,2928,some_fifo_full_rise
14842500.000,c_clk,2935,some_fifo_full_fall
14857500.000,c_clk,2938,some_fifo_full_rise
14892500.000,c_clk,2945,some_fifo_full_fall
14907500.000,c_clk,2948,some_fifo_full_rise
14942500.000,c_clk,2955,some_fifo_full_fall
14957500.000,c_clk,2958,some_fifo_full_rise
14992500.000,c_clk,2965,some_fifo_full_fall
15007500.000,c_clk,2968,some_fifo_full_rise
15042500.000,c_clk,2975,some_fifo_full_fall
15057500.000,c_clk,2978,some_fifo_full_rise
15092500.000,c_clk,2985,some_fifo_full_fall
15107500.000,c_clk,2988,some_fifo_full_rise
15142500.000,c_clk,2995,some_fifo_full_fall
15157500.000,c_clk,2998,some_fifo_full_rise
15192500.000,c_clk,3005,some_fifo_full_fall
15207500.000,c_clk,3008,some_fifo_full_rise
15242500.000,c_clk,3015,some_fifo_full_fall
15257500.000,c_clk,3018,some_fifo_full_rise
15292500.000,c_clk,3025,some_fifo_full_fall
15307500.000,c_clk,3028,some_fifo_full_rise
15342500.000,c_clk,3035,some_fifo_full_fall
15357500.000,c_clk,3038,some_fifo_full_rise
15392500.000,c_clk,3045,some_fifo_full_fall
15407500.000,c_clk,3048,some_fifo_full_rise
15442500.000,c_clk,3055,some_fifo_full_fall
15457500.000,c_clk,3058,some_fifo_full_rise
15492500.000,c_clk,3065,some_fifo_full_fall
15507500.000,c_clk,3068,some_fifo_full_rise
15542500.000,c_clk,3075,some_fifo_full_fall
15557500.000,c_clk,3078,some_fifo_full_rise
15592500.000,c_clk,3085,some_fifo_full_fall
15607500.000,c_clk,3088,some_fifo_full_rise
15642500.000,c_clk,3095,some_fifo_full_fall
15657500.000,c_clk,3098,some_fifo_full_rise
15692500.000,c_clk,3105,some_fifo_full_fall
15707500.000,c_clk,3108,some_fifo_full_rise
15742500.000,c_clk,3115,some_fifo_full_fall
15757500.000,c_clk,3118,some_fifo_full_rise
15792500.000,c_clk,3125,some_fifo_full_fall
