time_ps,s0,s1,s2,s3,s4,s5,s6,s7,s8,s9,s10,s11,s12,s13,s14,s15
4162509.264,-951,-1180,-1328,-1545,-1753,-1887,-2079,-2259,-2373,-2533,-2679,-2768,-2890,-2995,-3057,-3135
4164178.608,-3197,-3228,-3261,-3275,-3275,-3261,-3228,-3178,-3135,-3057,-2962,-2890,-2768,-2632,-2533,-2373
4165847.952,-2200,-2079,-1887,-1685,-1545,-1328,-1104,-951,-718,-481,-322,-81,160,321,560,796
4167517.296,950,1179,1400,1544,1752,1951,2078,2258,2427,2532,2678,2809,2889,2994,3084,3134
4169186.640,3196,3240,3260,3274,3272,3260,3227,3177,3134,3056,2961,2889,2767,2631,2532,2372
4170855.984,2199,2078,1886,1684,1544,1327,1103,950,717,480,321,80,-161,-322,-561,-797
4172525.328,-951,-1180,-1401,-1615,-1753,-1952,-2140,-2259,-2428,-2583,-2679,-2810,-2927,-2995,-3085,-3158
4174194.672,-3197,-3241,-3268,-3275,-3273,-3252,-3228,-3178,-3111,-3057,-2962,-2851,-2768,-2632,-2481,-2373
4175864.016,-2200,-2016,-1887,-1685,-1473,-1328,-1104,-874,-718,-481,-241,-81,160,401,560,796
4177533.360,1027,1179,1400,1614,1752,1951,2139,2258,2427,2582,2678,2809,2926,2994,3084,3157
4179202.704,3196,3240,3267,3274,3272,3251,3227,3177,3110,3056,2961,2850,2767,2631,2480,2372
4180872.048,2199,2015,1819,1684,1472,1253,1103,873,639,480,240,0,-161,-402,-640,-797
4182541.392,-1028,-1254,-1401,-1615,-1820,-1952,-2140,-2317,-2428,-2583,-2724,-2810,-2927,-3027,-3085,-3158
4184210.736,-3213,-3241,-3268,-3276,-3273,-3252,-3213,-3178,-3111,-3027,-2962,-2851,-2724,-2632,-2481,-2317
4185880.080,-2200,-2016,-1820,-1685,-1473,-1254,-1104,-874,-640,-481,-241,0,160,401,639,796
4187549.424,1027,1253,1400,1614,1819,1951,2139,2316,2427,2582,2723,2809,2926,3026,3084,3157
4189218.768,3212,3251,3267,3275,3267,3251,3212,3157,3110,3026,2926,2850,2723,2582,2480,2316
4190888.112,2139,2015,1819,1614,1472,1253,1027,873,639,401,240,0,-241,-402,-640,-874
4192557.456,-1028,-1254,-1473,-1615,-1820,-2016,-2140,-2317,-2481,-2583,-2724,-2851,-2927,-3027,-3111,-3158
4194226.800,-3213,-3252,-3268,-3276,-3268,-3252,-3213,-3158,-3111,-3027,-2927,-2851,-2724,-2583,-2481,-2317
4195896.144,-2140,-2016,-1820,-1615,-1473,-1254,-1028,-874,-640,-402,-241,0,240,480,639,873
4197565.488,1103,1253,1472,1684,1819,2015,2199,2316,2480,2631,2723,2850,2961,3026,3110,3177
4199234.832,3212,3251,3272,3275,3267,3240,3212,3157,3084,3026,2926,2809,2723,2582,2427,2316
4200904.176,2139,1951,1819,1614,1400,1253,1027,796,639,401,160,0,-241,-481,-640,-874
4202573.520,-1104,-1254,-1473,-1685,-1820,-2016,-2200,-2317,-2481,-2632,-2724,-2851,-2962,-3027,-3111,-3178
4204242.864,-3213,-3252,-3273,-3276,-3268,-3241,-3213,-3158,-3085,-3027,-2927,-2810,-2679,-2583,-2428,-2259
4205912.208,-2140,-1952,-1753,-1615,-1401,-1180,-1028,-797,-561,-402,-161,80,240,480,717,873
4207581.552,1103,1327,1472,1684,1886,2015,2199,2372,2480,2631,2767,2850,2961,3056,3110,3177
4209250.896,3227,3251,3272,3274,3267,3240,3196,3157,3084,2994,2926,2809,2678,2582,2427,2258
4210920.240,2139,1951,1752,1614,1400,1179,1027,796,560,401,160,-81,-241,-481,-718,-874
4212589.584,-1104,-1328,-1473,-1685,-1887,-2016,-2200,-2373,-2481,-2632,-2768,-2890,-2962,-3057,-3135,-3178
4214258.928,-3228,-3261,-3273,-3275,-3261,-3241,-3197,-3135,-3085,-2995,-2890,-2810,-2679,-2533,-2428,-2259
4215928.272,-2079,-1952,-1753,-1545,-1401,-1180,-951,-797,-561,-322,-161,80,321,480,717,950
4217597.616,1103,1327,1544,1684,1886,2078,2199,2372,2532,2631,2767,2889,2961,3056,3134,3177
4219266.960,3227,3260,3272,3274,3260,3240,3196,3134,3084,2994,2889,2809,2678,2532,2427,2258
4220936.304,2078,1951,1752,1544,1400,1179,950,717,560,321,80,-81,-322,-561,-718,-951
4222605.648,-1180,-1328,-1545,-1753,-1887,-2079,-2259,-2373,-2533,-2679,-2768,-2890,-2995,-3057,-3135,-3197
4224274.992,-3228,-3261,-3275,-3275,-3261,-3228,-3197,-3135,-3057,-2995,-2890,-2768,-2679,-2533,-2373,-2259
4225944.336,-2079,-1887,-1753,-1545,-1328,-1180,-951,-718,-561,-322,-81,80,321,560,717,950
4227613.680,1179,1327,1544,1752,1886,2078,2258,2372,2532,2678,2767,2889,2994,3056,3134,3196
4229283.024,3227,3260,3274,3274,3260,3227,3177,3134,3056,2961,2889,2767,2631,2532,2372,2199
4230952.368,2078,1886,1684,1544,1327,1103,950,717,480,321,80,-161,-322,-561,-797,-951
4232621.712,-1180,-1401,-1545,-1753,-1952,-2079,-2259,-2428,-2533,-2679,-2810,-2890,-2995,-3085,-3135,-3197
4234291.056,-3241,-3261,-3275,-3273,-3261,-3228,-3178,-3135,-3057,-2962,-2890,-2768,-2632,-2533,-2373,-2200
4235960.400,-2079,-1887,-1685,-1545,-1328,-1104,-951,-718,-481,-322,-81,160,321,560,796,950
4237629.744,1179,1400,1544,1752,1951,2139,2258,2427,2582,2678,2809,2926,2994,3084,3157,3196
4239299.088,3240,3267,3274,3272,3251,3227,3177,3110,3056,2961,2850,2767,2631,2480,2372,2199
4240968.432,2015,1886,1684,1472,1327,1103,873,717,480,240,80,-161,-402,-561,-797,-1028
4242637.776,-1180,-1401,-1615,-1753,-1952,-2140,-2259,-2428,-2583,-2679,-2810,-2927,-2995,-3085,-3158,-3197
4244307.120,-3241,-3268,-3275,-3273,-3252,-3228,-3178,-3111,-3057,-2962,-2851,-2768,-2632,-2481,-2373,-2200
4245976.464,-2016,-1820,-1685,-1473,-1254,-1104,-874,-640,-481,-241,0,160,401,639,796,1027
4247645.808,1253,1400,1614,1819,1951,2139,2316,2427,2582,2723,2809,2926,3026,3084,3157,3212
4249315.152,3240,3267,3275,3272,3251,3212,3177,3110,3026,2961,2850,2723,2631,2480,2316,2199
4250984.496,2015,1819,1684,1472,1253,1103,873,639,480,240,0,-161,-402,-640,-797,-1028
4252653.840,-1254,-1401,-1615,-1820,-1952,-2140,-2317,-2428,-2583,-2724,-2810,-2927,-3027,-3085,-3158,-3213
4254323.184,-3252,-3268,-3276,-3268,-3252,-3213,-3158,-3111,-3027,-2927,-2851,-2724,-2583,-2481,-2317,-2140
4255992.528,-2016,-1820,-1615,-1473,-1254,-1028,-874,-640,-402,-241,0,240,401,639,873,1027
4257661.872,1253,1472,1614,1819,2015,2139,2316,2480,2582,2723,2850,2926,3026,3110,3157,3212
4259331.216,3251,3267,3275,3267,3251,3212,3157,3110,3026,2926,2850,2723,2582,2480,2316,2139
4261000.560,2015,1819,1614,1472,1253,1027,873,639,401,240,0,-241,-402,-640,-874,-1104
4262669.904,-2508,-2947,-3369,-3641,-4032,-4401,-4634,-4962,-5264,-5449,-5702,-5924,-6055,-6223,-6357,-6427
4264339.248,-6504,-6546,-6553,-6536,-6482,-6427,-6316,-6170,-6055,-5854,-5621,-5449,-5166,-4856,-4634,-4281
4266008.592,-3904,-3641,-3230,-2802,-2508,-2056,-1593,-1279,-803,-322,0,481,961,1278,1747,2207
4267677.936,2507,2946,3368,3640,4031,4400,4633,4961,5263,5448,5701,5923,6054,6222,6356,6426
4269347.280,6503,6545,6552,6535,6481,6426,6315,6169,6054,5853,5620,5357,5165,4855,4518,4280
4271016.624,3903,3505,3229,2801,2358,2055,1592,1120,802,321,-161,-482,-962,-1436,-1748,-2208
4272685.968,-2656,-2947,-3369,-3774,-4032,-4401,-4746,-4962,-5264,-5537,-5702,-5924,-6114,-6223,-6357,-6457
4274355.312,-6504,-6546,-6551,-6536,-6482,-6394,-6316,-6170,-5991,-5854,-5621,-5358,-5166,-4856,-4519,-4281
4276024.656,-3904,-3506,-3230,-2802,-2359,-2056,-1593,-1121,-803,-322,160,481,961,1435,1747,2207
4277694.000,2655,2946,3368,3773,4031,4400,4745,4961,5263,5536,5779,5923,6113,6270,6356,6456
4279363.344,6521,6545,6550,6521,6481,6393,6270,6169,5990,5779,5620,5357,5065,4855,4518,4157
4281032.688,3903,3505,3088,2801,2358,1902,1592,1120,642,321,-161,-643,-962,-1436,-1903,-2208
4282702.032,-2656,-3089,-3369,-3774,-4158,-4401,-4746,-5066,-5264,-5537,-5780,-5924,-6114,-6271,-6357,-6457
4284371.376,-6522,-6546,-6551,-6522,-6482,-6394,-6271,-6170,-5991,-5780,-5621,-5358,-5066,-4856,-4519,-4158
4286040.720,-3904,-3506,-3089,-2802,-2359,-1903,-1593,-1121,-643,-161,160,642,1120,1435,1902,2358
4287710.064,2655,3088,3505,3773,4157,4518,4745,5065,5357,5536,5779,5990,6113,6270,6393,6456
4289379.408,6521,6550,6550,6521,6456,6393,6270,6113,5990,5779,5536,5357,5065,4745,4518,4157
4291048.752,3773,3505,3088,2655,2358,1902,1435,1120,642,160,-161,-643,-1121,-1436,-1903,-2359
4292718.096,-2656,-3089,-3506,-3774,-4158,-4519,-4746,-5066,-5358,-5537,-5780,-5991,-6114,-6271,-6394,-6457
4294387.440,-6522,-6551,-6551,-6522,-6457,-6357,-6271,-6114,-5924,-5780,-5537,-5264,-5066,-4746,-4401,-4158
4296056.784,-3774,-3369,-3089,-2656,-2208,-1903,-1436,-962,-643,-161,321,642,1120,1592,1902,2358
4297726.128,2801,3088,3505,3903,4157,4518,4855,5065,5357,5620,5779,5990,6169,6270,6393,6481
4299395.472,6521,6550,6545,6521,6456,6356,6270,6113,5923,5779,5536,5263,5065,4745,4400,4157
4301064.816,3773,3368,3088,2655,2207,1902,1435,961,642,160,-322,-643,-1121,-1593,-1903,-2359
4302734.160,-2802,-3089,-3506,-3904,-4281,-4519,-4856,-5166,-5358,-5621,-5854,-5991,-6170,-6316,-6394,-6482
4304403.504,-6536,-6551,-6546,-6504,-6457,-6357,-6223,-6114,-5924,-5702,-5537,-5264,-4962,-4746,-4401,-4032
4306072.848,-3774,-3369,-2947,-2656,-2208,-1748,-1436,-962,-482,-161,321,802,1120,1592,2055,2358
4307742.192,2801,3229,3505,3903,4280,4518,4855,5165,5357,5620,5853,5990,6169,6315,6393,6481
4309411.536,6535,6550,6545,6503,6456,6356,6222,6113,5923,5701,5536,5263,4961,4745,4400,4031
4311080.880,3773,3368,2946,2507,2207,1747,1278,961,481,0,-322,-803,-1279,-1593,-2056,-2508
4312750.224,-2802,-3230,-3641,-3904,-4281,-4634,-4856,-5166,-5449,-5621,-5854,-6055,-6170,-6316,-6427,-6482
4314419.568,-6536,-6553,-6546,-6504,-6427,-6357,-6223,-6055,-5924,-5702,-5449,-5264,-4962,-4634,-4401,-4032
4316088.912,-3641,-3369,-2947,-2508,-2208,-1748,-1279,-962,-482,0,321,802,1278,1592,2055,2507
4317758.256,2801,3229,3640,3903,4280,4633,4855,5165,5448,5620,5853,6054,6169,6315,6426,6503
4319427.600,6535,6552,6535,6503,6426,6315,6222,6054,5853,5701,5448,5165,4961,4633,4280,4031
4321096.944,3640,3229,2946,2507,2055,1747,1278,802,481,0,-482,-803,-1279,-1748,-2056,-2508
4322766.288,-2947,-3230,-3641,-4032,-4281,-4634,-4962,-5166,-5449,-5702,-5854,-6055,-6223,-6316,-6427,-6504
4324435.632,-6536,-6553,-6536,-6504,-6427,-6316,-6223,-6055,-5854,-5702,-5449,-5166,-4962,-4634,-4281,-4032
4326104.976,-3641,-3230,-2947,-2508,-2056,-1748,-1279,-803,-482,0,481,802,1278,1747,2207,2507
4327774.320,2946,3368,3640,4031,4400,4633,4961,5263,5448,5701,5923,6054,6222,6356,6426,6503
4329443.664,6545,6552,6535,6481,6426,6315,6169,6054,5853,5620,5448,5165,4855,4633,4280,3903
4331113.008,3640,3229,2801,2507,2055,1592,1278,802,321,0,-482,-962,-1279,-1748,-2208,-2508
4332782.352,-2947,-3369,-3641,-4032,-4401,-4634,-4962,-5264,-5449,-5702,-5924,-6055,-6223,-6357,-6427,-6504
4334451.696,-6546,-6553,-6536,-6482,-6427,-6316,-6170,-6055,-5854,-5621,-5449,-5166,-4856,-4519,-4281,-3904
4336121.040,-3506,-3230,-2802,-2359,-2056,-1593,-1121,-803,-322,160,481,961,1435,1747,2207,2655
4337790.384,2946,3368,3773,4031,4400,4745,4961,5263,5536,5701,5923,6113,6222,6356,6456,6503
4339459.728,6545,6550,6535,6481,6393,6315,6169,5990,5853,5620,5357,5165,4855,4518,4280,3903
4341129.072,3505,3229,2801,2358,2055,1592,1120,802,321,-161,-482,-962,-1436,-1748,-2208,-2656
4342798.416,-2947,-3369,-3774,-4032,-4401,-4746,-4962,-5264,-5537,-5780,-5924,-6114,-6271,-6357,-6457,-6522
4344467.760,-6546,-6551,-6522,-6482,-6394,-6271,-6170,-5991,-5780,-5621,-5358,-5066,-4856,-4519,-4158,-3904
4346137.104,-3506,-3089,-2802,-2359,-1903,-1593,-1121,-643,-322,160,642,961,1435,1902,2207,2655
4347806.448,3088,3368,3773,4157,4400,4745,5065,5263,5536,5779,5923,6113,6270,6356,6456,6521
4349475.792,6545,6550,6521,6481,6393,6270,6169,5990,5779,5620,5357,5065,4855,4518,4157,3903
4351145.136,3505,3088,2801,2358,1902,1592,1120,642,160,-161,-643,-1121,-1436,-1903,-2359,-2656
4352814.480,-3089,-3506,-3774,-4158,-4519,-4746,-5066,-5358,-5537,-5780,-5991,-6114,-6271,-6394,-6457,-6522
4354483.824,-6551,-6551,-6522,-6457,-6394,-6271,-6114,-5991,-5780,-5537,-5358,-5066,-4746,-4519,-4158,-3774
4356153.168,-3506,-3089,-2656,-2359,-1903,-1436,-1121,-643,-161,160,642,1120,1435,1902,2358,2655
4357822.512,3088,3505,3773,4157,4518,4745,5065,5357,5536,5779,5990,6113,6270,6393,6456,6521
4359491.856,6550,6550,6521,6456,6393,6270,6113,5923,5779,5536,5263,5065,4745,4400,4157,3773
4361161.200,3368,3088,2655,2207,1902,1435,961,642,160,-322,-643,-1121,-1593,-1903,-2359,-2802
