cyc,ch,ch_time,queue,start_time,value,accepted
28231,0,28229,freqC,30892,1800,1
28231,0,28229,freqP,30892,1800,1
28266,0,28264,amp,30892,3277,1
28266,0,28264,phase,30892,0,1
28266,0,28264,addr,30892,10,1
28266,0,28264,dur,30892,60,1
28280,0,28278,freqC,31191,1800,1
28280,0,28278,freqP,31191,1800,1
28315,0,28313,amp,31191,6553,1
28315,0,28313,phase,31191,0,1
28315,0,28313,addr,31191,10,1
28315,0,28313,dur,31191,60,1
28657,0,28655,freqC,31318,1800,1
28657,0,28655,freqP,31318,1800,1
28692,0,28690,amp,31318,3277,1
28692,0,28690,phase,31318,0,1
28692,0,28690,addr,31318,10,1
28692,0,28690,dur,31318,60,1
28706,0,28704,freqC,31617,1800,1
28706,0,28704,freqP,31617,1800,1
28741,0,28739,amp,31617,6553,1
28741,0,28739,phase,31617,0,1
28741,0,28739,addr,31617,10,1
28741,0,28739,dur,31617,60,1
