cyc,ch,ch_time,queue,value
30842,0,30840,freqP,1800
30858,0,30856,freqC,1800
30859,0,30857,phase,0
30860,0,30858,amp,3277
30883,0,30881,addr,10
30892,0,30890,dur,60
31141,0,31139,freqP,1800
31157,0,31155,freqC,1800
31158,0,31156,phase,0
31159,0,31157,amp,6553
31182,0,31180,addr,10
31191,0,31189,dur,60
31268,0,31266,freqP,1800
31284,0,31282,freqC,1800
31285,0,31283,phase,0
31286,0,31284,amp,3277
31309,0,31307,addr,10
31318,0,31316,dur,60
31567,0,31565,freqP,1800
31583,0,31581,freqC,1800
31584,0,31582,phase,0
31585,0,31583,amp,6553
31608,0,31606,addr,10
31617,0,31615,dur,60
